fecha_operacion,fecha_valor,hoja,moneda,pais,bs_por_moneda_compra,bs_por_moneda_venta,publicado_en,archivo_fuente,url_fuente
2023-10-02,2023-10-03,02102023,EUR,Zona Euro,36.12234303,36.21287522,2023-10-02 15:33:00,2_1_2d23_smc.xls,https://www.bcv.org.ve/sites/default/files/EstadisticasGeneral/2_1_2d23_smc.xls
2023-10-02,2023-10-03,02102023,USD,E.U.A.,34.38192975,34.4681,2023-10-02 15:33:00,2_1_2d23_smc.xls,https://www.bcv.org.ve/sites/default/files/EstadisticasGeneral/2_1_2d23_smc.xls
2023-10-03,2023-10-04,03102023,EUR,Zona Euro,36.19887506,36.28959906,2023-10-03 17:09:00,2_1_2d23_smc.xls,https://www.bcv.org.ve/sites/default/files/EstadisticasGeneral/2_1_2d23_smc.xls
2023-10-03,2023-10-04,03102023,USD,E.U.A.,34.58182875,34.6685,2023-10-03 17:09:00,2_1_2d23_smc.xls,https://www.bcv.org.ve/sites/default/files/EstadisticasGeneral/2_1_2d23_smc.xls
2023-10-04,2023-10-05,04102023,EUR,Zona Euro,36.39039151,36.4815955,2023-10-04 16:30:00,2_1_2d23_smc.xls,https://www.bcv.org.ve/sites/default/files/EstadisticasGeneral/2_1_2d23_smc.xls
2023-10-04,2023-10-05,04102023,USD,E.U.A.,34.62651675,34.7133,2023-10-04 16:30:00,2_1_2d23_smc.xls,https://www.bcv.org.ve/sites/default/files/EstadisticasGeneral/2_1_2d23_smc.xls
2023-10-05,2023-10-06,05102023,EUR,Zona Euro,36.49531276,36.58677971,2023-10-05 15:17:00,2_1_2d23_smc.xls,https://www.bcv.org.ve/sites/default/files/EstadisticasGeneral/2_1_2d23_smc.xls
2023-10-05,2023-10-06,05102023,USD,E.U.A.,34.66302525,34.7499,2023-10-05 15:17:00,2_1_2d23_smc.xls,https://www.bcv.org.ve/sites/default/files/EstadisticasGeneral/2_1_2d23_smc.xls
2023-10-06,2023-10-09,06102023,EUR,Zona Euro,36.68167348,36.7736075,2023-10-06 15:19:00,2_1_2d23_smc.xls,https://www.bcv.org.ve/sites/default/files/EstadisticasGeneral/2_1_2d23_smc.xls
2023-10-06,2023-10-09,06102023,USD,E.U.A.,34.76935875,34.8565,2023-10-06 15:19:00,2_1_2d23_smc.xls,https://www.bcv.org.ve/sites/default/files/EstadisticasGeneral/2_1_2d23_smc.xls
2023-10-09,2023-10-10,09102023,EUR,Zona Euro,36.6296112,36.72141473,2023-10-09 15:31:00,2_1_2d23_smc.xls,https://www.bcv.org.ve/sites/default/files/EstadisticasGeneral/2_1_2d23_smc.xls
2023-10-09,2023-10-10,09102023,USD,E.U.A.,34.73285025,34.8199,2023-10-09 15:31:00,2_1_2d23_smc.xls,https://www.bcv.org.ve/sites/default/files/EstadisticasGeneral/2_1_2d23_smc.xls
2023-10-10,2023-10-11,10102023,EUR,Zona Euro,36.85262492,36.94498739,2023-10-10 15:49:00,2_1_2d23_smc.xls,https://www.bcv.org.ve/sites/default/files/EstadisticasGeneral/2_1_2d23_smc.xls
2023-10-10,2023-10-11,10102023,USD,E.U.A.,34.754496,34.8416,2023-10-10 15:49:00,2_1_2d23_smc.xls,https://www.bcv.org.ve/sites/default/files/EstadisticasGeneral/2_1_2d23_smc.xls
2023-10-11,2023-10-13,11102023,EUR,Zona Euro,36.94861808,37.04122113,2023-10-11 18:22:00,2_1_2d23_smc.xls,https://www.bcv.org.ve/sites/default/files/EstadisticasGeneral/2_1_2d23_smc.xls
2023-10-11,2023-10-13,11102023,USD,E.U.A.,34.81284975,34.9001,2023-10-11 18:22:00,2_1_2d23_smc.xls,https://www.bcv.org.ve/sites/default/files/EstadisticasGeneral/2_1_2d23_smc.xls
2023-10-13,2023-10-16,13102023,EUR,Zona Euro,36.5219245,36.61345815,2023-10-13 15:20:00,2_1_2d23_smc.xls,https://www.bcv.org.ve/sites/default/files/EstadisticasGeneral/2_1_2d23_smc.xls
2023-10-13,2023-10-16,13102023,USD,E.U.A.,34.790406,34.8776,2023-10-13 15:20:00,2_1_2d23_smc.xls,https://www.bcv.org.ve/sites/default/files/EstadisticasGeneral/2_1_2d23_smc.xls
2023-10-16,2023-10-17,16102023,EUR,Zona Euro,36.68088956,36.77282162,2023-10-16 15:06:00,2_1_2d23_smc.xls,https://www.bcv.org.ve/sites/default/files/EstadisticasGeneral/2_1_2d23_smc.xls
2023-10-16,2023-10-17,16102023,USD,E.U.A.,34.763673,34.8508,2023-10-16 15:06:00,2_1_2d23_smc.xls,https://www.bcv.org.ve/sites/default/files/EstadisticasGeneral/2_1_2d23_smc.xls
2023-10-17,2023-10-18,17102023,EUR,Zona Euro,36.72263594,36.81467262,2023-10-17 15:09:00,2_1_2d23_smc.xls,https://www.bcv.org.ve/sites/default/files/EstadisticasGeneral/2_1_2d23_smc.xls
2023-10-17,2023-10-18,17102023,USD,E.U.A.,34.7255685,34.8126,2023-10-17 15:09:00,2_1_2d23_smc.xls,https://www.bcv.org.ve/sites/default/files/EstadisticasGeneral/2_1_2d23_smc.xls
2023-10-18,2023-10-19,18102023,EUR,Zona Euro,36.64383956,36.73567876,2023-10-18 16:04:00,2_1_2d23_smc.xls,https://www.bcv.org.ve/sites/default/files/EstadisticasGeneral/2_1_2d23_smc.xls
2023-10-18,2023-10-19,18102023,USD,E.U.A.,34.7730495,34.8602,2023-10-18 16:04:00,2_1_2d23_smc.xls,https://www.bcv.org.ve/sites/default/files/EstadisticasGeneral/2_1_2d23_smc.xls
2023-10-19,2023-10-20,19102023,EUR,Zona Euro,36.76851482,36.86066649,2023-10-19 15:14:00,2_1_2d23_smc.xls,https://www.bcv.org.ve/sites/default/files/EstadisticasGeneral/2_1_2d23_smc.xls
2023-10-19,2023-10-20,19102023,USD,E.U.A.,34.771254,34.8584,2023-10-19 15:14:00,2_1_2d23_smc.xls,https://www.bcv.org.ve/sites/default/files/EstadisticasGeneral/2_1_2d23_smc.xls
2023-10-20,2023-10-23,20102023,EUR,Zona Euro,36.95108553,37.04369477,2023-10-20 15:29:00,2_1_2d23_smc.xls,https://www.bcv.org.ve/sites/default/files/EstadisticasGeneral/2_1_2d23_smc.xls
2023-10-20,2023-10-23,20102023,USD,E.U.A.,34.89045525,34.9779,2023-10-20 15:29:00,2_1_2d23_smc.xls,https://www.bcv.org.ve/sites/default/files/EstadisticasGeneral/2_1_2d23_smc.xls
2023-10-23,2023-10-24,23102023,EUR,Zona Euro,37.08619039,37.17913824,2023-10-23 15:08:00,2_1_2d23_smc.xls,https://www.bcv.org.ve/sites/default/files/EstadisticasGeneral/2_1_2d23_smc.xls
2023-10-23,2023-10-24,23102023,USD,E.U.A.,34.88856,34.976,2023-10-23 15:08:00,2_1_2d23_smc.xls,https://www.bcv.org.ve/sites/default/files/EstadisticasGeneral/2_1_2d23_smc.xls
2023-10-24,2023-10-25,24102023,EUR,Zona Euro,37.01393318,37.10669993,2023-10-24 15:14:00,2_1_2d23_smc.xls,https://www.bcv.org.ve/sites/default/files/EstadisticasGeneral/2_1_2d23_smc.xls
2023-10-24,2023-10-25,24102023,USD,E.U.A.,34.9402305,35.0278,2023-10-24 15:14:00,2_1_2d23_smc.xls,https://www.bcv.org.ve/sites/default/files/EstadisticasGeneral/2_1_2d23_smc.xls
2023-10-25,2023-10-26,25102023,EUR,Zona Euro,36.99474048,37.08745913,2023-10-25 15:15:00,2_1_2d23_smc.xls,https://www.bcv.org.ve/sites/default/files/EstadisticasGeneral/2_1_2d23_smc.xls
2023-10-25,2023-10-26,25102023,USD,E.U.A.,34.9346445,35.0222,2023-10-25 15:15:00,2_1_2d23_smc.xls,https://www.bcv.org.ve/sites/default/files/EstadisticasGeneral/2_1_2d23_smc.xls
2023-10-26,2023-10-27,26102023,EUR,Zona Euro,36.90314648,36.99563557,2023-10-26 15:38:00,2_1_2d23_smc.xls,https://www.bcv.org.ve/sites/default/files/EstadisticasGeneral/2_1_2d23_smc.xls
2023-10-26,2023-10-27,26102023,USD,E.U.A.,35.00417025,35.0919,2023-10-26 15:38:00,2_1_2d23_smc.xls,https://www.bcv.org.ve/sites/default/files/EstadisticasGeneral/2_1_2d23_smc.xls
2023-10-27,2023-10-31,27102023,EUR,Zona Euro,37.10537608,37.19837202,2023-10-27 15:18:00,2_1_2d23_smc.xls,https://www.bcv.org.ve/sites/default/files/EstadisticasGeneral/2_1_2d23_smc.xls
2023-10-27,2023-10-31,27102023,USD,E.U.A.,35.039781,35.1276,2023-10-27 15:18:00,2_1_2d23_smc.xls,https://www.bcv.org.ve/sites/default/files/EstadisticasGeneral/2_1_2d23_smc.xls
2023-10-31,2023-11-01,31102023,EUR,Zona Euro,37.12281521,37.21585484,2023-10-31 15:13:00,2_1_2d23_smc.xls,https://www.bcv.org.ve/sites/default/files/EstadisticasGeneral/2_1_2d23_smc.xls
2023-10-31,2023-11-01,31102023,USD,E.U.A.,34.97763675,35.0653,2023-10-31 15:13:00,2_1_2d23_smc.xls,https://www.bcv.org.ve/sites/default/files/EstadisticasGeneral/2_1_2d23_smc.xls
2023-11-01,2023-11-02,01112023,EUR,Zona Euro,37.0033422,37.09608241,2023-11-01 15:51:00,2_1_2d23_smc.xls,https://www.bcv.org.ve/sites/default/files/EstadisticasGeneral/2_1_2d23_smc.xls
2023-11-01,2023-11-02,01112023,USD,E.U.A.,35.06561625,35.1535,2023-11-01 15:51:00,2_1_2d23_smc.xls,https://www.bcv.org.ve/sites/default/files/EstadisticasGeneral/2_1_2d23_smc.xls
2023-11-02,2023-11-03,02112023,EUR,Zona Euro,37.3337343,37.42730256,2023-11-02 15:24:00,2_1_2d23_smc.xls,https://www.bcv.org.ve/sites/default/files/EstadisticasGeneral/2_1_2d23_smc.xls
2023-11-02,2023-11-03,02112023,USD,E.U.A.,35.084469,35.1724,2023-11-02 15:24:00,2_1_2d23_smc.xls,https://www.bcv.org.ve/sites/default/files/EstadisticasGeneral/2_1_2d23_smc.xls
2023-11-03,2023-11-07,03112023,EUR,Zona Euro,37.67820804,37.77263964,2023-11-03 15:21:00,2_1_2d23_smc.xls,https://www.bcv.org.ve/sites/default/files/EstadisticasGeneral/2_1_2d23_smc.xls
2023-11-03,2023-11-07,03112023,USD,E.U.A.,35.14791,35.236,2023-11-03 15:21:00,2_1_2d23_smc.xls,https://www.bcv.org.ve/sites/default/files/EstadisticasGeneral/2_1_2d23_smc.xls
2023-11-07,2023-11-08,07112023,EUR,Zona Euro,37.47210774,37.5660228,2023-11-07 15:14:00,2_1_2d23_smc.xls,https://www.bcv.org.ve/sites/default/files/EstadisticasGeneral/2_1_2d23_smc.xls
2023-11-07,2023-11-08,07112023,USD,E.U.A.,35.06621475,35.1541,2023-11-07 15:14:00,2_1_2d23_smc.xls,https://www.bcv.org.ve/sites/default/files/EstadisticasGeneral/2_1_2d23_smc.xls
2023-11-08,2023-11-09,08112023,EUR,Zona Euro,37.58883945,37.68304707,2023-11-08 16:28:00,2_1_2d23_smc.xls,https://www.bcv.org.ve/sites/default/files/EstadisticasGeneral/2_1_2d23_smc.xls
2023-11-08,2023-11-09,08112023,USD,E.U.A.,35.1576855,35.2458,2023-11-08 16:28:00,2_1_2d23_smc.xls,https://www.bcv.org.ve/sites/default/files/EstadisticasGeneral/2_1_2d23_smc.xls
2023-11-09,2023-11-10,09112023,EUR,Zona Euro,37.76382905,37.85847524,2023-11-09 15:15:00,2_1_2d23_smc.xls,https://www.bcv.org.ve/sites/default/files/EstadisticasGeneral/2_1_2d23_smc.xls
2023-11-09,2023-11-10,09112023,USD,E.U.A.,35.2458645,35.3342,2023-11-09 15:15:00,2_1_2d23_smc.xls,https://www.bcv.org.ve/sites/default/files/EstadisticasGeneral/2_1_2d23_smc.xls
2023-11-10,2023-11-13,10112023,EUR,Zona Euro,37.64925452,37.74361355,2023-11-10 15:15:00,2_1_2d23_smc.xls,https://www.bcv.org.ve/sites/default/files/EstadisticasGeneral/2_1_2d23_smc.xls
2023-11-10,2023-11-13,10112023,USD,E.U.A.,35.2821735,35.3706,2023-11-10 15:15:00,2_1_2d23_smc.xls,https://www.bcv.org.ve/sites/default/files/EstadisticasGeneral/2_1_2d23_smc.xls
2023-11-13,2023-11-14,13112023,EUR,Zona Euro,37.65115388,37.74551768,2023-11-13 16:10:00,2_1_2d23_smc.xls,https://www.bcv.org.ve/sites/default/files/EstadisticasGeneral/2_1_2d23_smc.xls
2023-11-13,2023-11-14,13112023,USD,E.U.A.,35.226513,35.3148,2023-11-13 16:10:00,2_1_2d23_smc.xls,https://www.bcv.org.ve/sites/default/files/EstadisticasGeneral/2_1_2d23_smc.xls
2023-11-14,2023-11-15,14112023,EUR,Zona Euro,38.2556241,38.35150286,2023-11-14 16:32:00,2_1_2d23_smc.xls,https://www.bcv.org.ve/sites/default/files/EstadisticasGeneral/2_1_2d23_smc.xls
2023-11-14,2023-11-15,14112023,USD,E.U.A.,35.29344525,35.3819,2023-11-14 16:32:00,2_1_2d23_smc.xls,https://www.bcv.org.ve/sites/default/files/EstadisticasGeneral/2_1_2d23_smc.xls
2023-11-15,2023-11-16,15112023,EUR,Zona Euro,38.38506729,38.48127046,2023-11-15 16:39:00,2_1_2d23_smc.xls,https://www.bcv.org.ve/sites/default/files/EstadisticasGeneral/2_1_2d23_smc.xls
2023-11-15,2023-11-16,15112023,USD,E.U.A.,35.322273,35.4108,2023-11-15 16:39:00,2_1_2d23_smc.xls,https://www.bcv.org.ve/sites/default/files/EstadisticasGeneral/2_1_2d23_smc.xls
2023-11-16,2023-11-17,16112023,EUR,Zona Euro,38.47104443,38.56746308,2023-11-16 16:10:00,2_1_2d23_smc.xls,https://www.bcv.org.ve/sites/default/files/EstadisticasGeneral/2_1_2d23_smc.xls
2023-11-16,2023-11-17,16112023,USD,E.U.A.,35.3412255,35.4298,2023-11-16 16:10:00,2_1_2d23_smc.xls,https://www.bcv.org.ve/sites/default/files/EstadisticasGeneral/2_1_2d23_smc.xls
2023-11-17,2023-11-20,17112023,EUR,Zona Euro,38.54567711,38.64228282,2023-11-17 16:10:00,2_1_2d23_smc.xls,https://www.bcv.org.ve/sites/default/files/EstadisticasGeneral/2_1_2d23_smc.xls
2023-11-17,2023-11-20,17112023,USD,E.U.A.,35.389305,35.478,2023-11-17 16:10:00,2_1_2d23_smc.xls,https://www.bcv.org.ve/sites/default/files/EstadisticasGeneral/2_1_2d23_smc.xls
2023-11-20,2023-11-21,20112023,EUR,Zona Euro,38.66108366,38.7579786,2023-11-20 16:10:00,2_1_2d23_smc.xls,https://www.bcv.org.ve/sites/default/files/EstadisticasGeneral/2_1_2d23_smc.xls
2023-11-20,2023-11-21,20112023,USD,E.U.A.,35.36247225,35.4511,2023-11-20 16:10:00,2_1_2d23_smc.xls,https://www.bcv.org.ve/sites/default/files/EstadisticasGeneral/2_1_2d23_smc.xls
2023-11-21,2023-11-22,21112023,EUR,Zona Euro,38.66379734,38.76069909,2023-11-21 16:10:00,2_1_2d23_smc.xls,https://www.bcv.org.ve/sites/default/files/EstadisticasGeneral/2_1_2d23_smc.xls
2023-11-21,2023-11-22,21112023,USD,E.U.A.,35.3300535,35.4186,2023-11-21 16:10:00,2_1_2d23_smc.xls,https://www.bcv.org.ve/sites/default/files/EstadisticasGeneral/2_1_2d23_smc.xls
2023-11-22,2023-11-23,22112023,EUR,Zona Euro,38.34836821,38.44447941,2023-11-22 16:10:00,2_1_2d23_smc.xls,https://www.bcv.org.ve/sites/default/files/EstadisticasGeneral/2_1_2d23_smc.xls
2023-11-22,2023-11-23,22112023,USD,E.U.A.,35.303121,35.3916,2023-11-22 16:10:00,2_1_2d23_smc.xls,https://www.bcv.org.ve/sites/default/files/EstadisticasGeneral/2_1_2d23_smc.xls
2023-11-23,2023-11-24,23112023,EUR,Zona Euro,38.61495323,38.71173256,2023-11-23 16:10:00,2_1_2d23_smc.xls,https://www.bcv.org.ve/sites/default/files/EstadisticasGeneral/2_1_2d23_smc.xls
2023-11-23,2023-11-24,23112023,USD,E.U.A.,35.3966865,35.4854,2023-11-23 16:10:00,2_1_2d23_smc.xls,https://www.bcv.org.ve/sites/default/files/EstadisticasGeneral/2_1_2d23_smc.xls
2023-11-24,2023-11-27,24112023,EUR,Zona Euro,38.73334582,38.83042187,2023-11-24 16:10:00,2_1_2d23_smc.xls,https://www.bcv.org.ve/sites/default/files/EstadisticasGeneral/2_1_2d23_smc.xls
2023-11-24,2023-11-27,24112023,USD,E.U.A.,35.41334475,35.5021,2023-11-24 16:10:00,2_1_2d23_smc.xls,https://www.bcv.org.ve/sites/default/files/EstadisticasGeneral/2_1_2d23_smc.xls
2023-11-27,2023-11-28,27112023,EUR,Zona Euro,38.69141296,38.78838392,2023-11-27 16:10:00,2_1_2d23_smc.xls,https://www.bcv.org.ve/sites/default/files/EstadisticasGeneral/2_1_2d23_smc.xls
2023-11-27,2023-11-28,27112023,USD,E.U.A.,35.382123,35.4708,2023-11-27 16:10:00,2_1_2d23_smc.xls,https://www.bcv.org.ve/sites/default/files/EstadisticasGeneral/2_1_2d23_smc.xls
2023-11-28,2023-11-29,28112023,EUR,Zona Euro,38.82285918,38.92015958,2023-11-28 15:17:00,2_1_2d23_smc.xls,https://www.bcv.org.ve/sites/default/files/EstadisticasGeneral/2_1_2d23_smc.xls
2023-11-28,2023-11-29,28112023,USD,E.U.A.,35.389704,35.4784,2023-11-28 15:17:00,2_1_2d23_smc.xls,https://www.bcv.org.ve/sites/default/files/EstadisticasGeneral/2_1_2d23_smc.xls
2023-11-29,2023-11-30,29112023,EUR,Zona Euro,38.82495016,38.9222558,2023-11-29 15:29:00,2_1_2d23_smc.xls,https://www.bcv.org.ve/sites/default/files/EstadisticasGeneral/2_1_2d23_smc.xls
2023-11-29,2023-11-30,29112023,USD,E.U.A.,35.40516525,35.4939,2023-11-29 15:29:00,2_1_2d23_smc.xls,https://www.bcv.org.ve/sites/default/files/EstadisticasGeneral/2_1_2d23_smc.xls
2023-11-30,2023-12-01,30112023,EUR,Zona Euro,38.65855741,38.75544603,2023-11-30 15:57:00,2_1_2d23_smc.xls,https://www.bcv.org.ve/sites/default/files/EstadisticasGeneral/2_1_2d23_smc.xls
2023-11-30,2023-12-01,30112023,USD,E.U.A.,35.42431725,35.5131,2023-11-30 15:57:00,2_1_2d23_smc.xls,https://www.bcv.org.ve/sites/default/files/EstadisticasGeneral/2_1_2d23_smc.xls
2023-12-01,2023-12-04,01122023,EUR,Zona Euro,38.50453454,38.60103713,2023-12-01 16:21:00,2_1_2d23_smc.xls,https://www.bcv.org.ve/sites/default/files/EstadisticasGeneral/2_1_2d23_smc.xls
2023-12-01,2023-12-04,01122023,USD,E.U.A.,35.4916485,35.5806,2023-12-01 16:21:00,2_1_2d23_smc.xls,https://www.bcv.org.ve/sites/default/files/EstadisticasGeneral/2_1_2d23_smc.xls
2023-12-04,2023-12-05,04122023,EUR,Zona Euro,38.34418684,38.44028756,2023-12-04 15:19:00,2_1_2d23_smc.xls,https://www.bcv.org.ve/sites/default/files/EstadisticasGeneral/2_1_2d23_smc.xls
2023-12-04,2023-12-05,04122023,USD,E.U.A.,35.433993,35.5228,2023-12-04 15:19:00,2_1_2d23_smc.xls,https://www.bcv.org.ve/sites/default/files/EstadisticasGeneral/2_1_2d23_smc.xls
2023-12-05,2023-12-06,05122023,EUR,Zona Euro,38.37841981,38.47460633,2023-12-05 15:48:00,2_1_2d23_smc.xls,https://www.bcv.org.ve/sites/default/files/EstadisticasGeneral/2_1_2d23_smc.xls
2023-12-05,2023-12-06,05122023,USD,E.U.A.,35.4689055,35.5578,2023-12-05 15:48:00,2_1_2d23_smc.xls,https://www.bcv.org.ve/sites/default/files/EstadisticasGeneral/2_1_2d23_smc.xls
2023-12-06,2023-12-07,06122023,EUR,Zona Euro,38.33807141,38.4341568,2023-12-06 15:25:00,2_1_2d23_smc.xls,https://www.bcv.org.ve/sites/default/files/EstadisticasGeneral/2_1_2d23_smc.xls
2023-12-06,2023-12-07,06122023,USD,E.U.A.,35.5084065,35.5974,2023-12-06 15:25:00,2_1_2d23_smc.xls,https://www.bcv.org.ve/sites/default/files/EstadisticasGeneral/2_1_2d23_smc.xls
2023-12-07,2023-12-08,07122023,EUR,Zona Euro,38.29948456,38.39547324,2023-12-07 15:15:00,2_1_2d23_smc.xls,https://www.bcv.org.ve/sites/default/files/EstadisticasGeneral/2_1_2d23_smc.xls
2023-12-07,2023-12-08,07122023,USD,E.U.A.,35.5127955,35.6018,2023-12-07 15:15:00,2_1_2d23_smc.xls,https://www.bcv.org.ve/sites/default/files/EstadisticasGeneral/2_1_2d23_smc.xls
2023-12-08,2023-12-12,08122023,EUR,Zona Euro,38.31001306,38.40602813,2023-12-08 15:11:00,2_1_2d23_smc.xls,https://www.bcv.org.ve/sites/default/files/EstadisticasGeneral/2_1_2d23_smc.xls
2023-12-08,2023-12-12,08122023,USD,E.U.A.,35.535738,35.6248,2023-12-08 15:11:00,2_1_2d23_smc.xls,https://www.bcv.org.ve/sites/default/files/EstadisticasGeneral/2_1_2d23_smc.xls
2023-12-12,2023-12-13,12122023,EUR,Zona Euro,38.27637284,38.3723036,2023-12-12 15:25:00,2_1_2d23_smc.xls,https://www.bcv.org.ve/sites/default/files/EstadisticasGeneral/2_1_2d23_smc.xls
2023-12-12,2023-12-13,12122023,USD,E.U.A.,35.483469,35.5724,2023-12-12 15:25:00,2_1_2d23_smc.xls,https://www.bcv.org.ve/sites/default/files/EstadisticasGeneral/2_1_2d23_smc.xls
2023-12-13,2023-12-14,13122023,EUR,Zona Euro,38.33710532,38.43318829,2023-12-13 15:46:00,2_1_2d23_smc.xls,https://www.bcv.org.ve/sites/default/files/EstadisticasGeneral/2_1_2d23_smc.xls
2023-12-13,2023-12-14,13122023,USD,E.U.A.,35.5371345,35.6262,2023-12-13 15:46:00,2_1_2d23_smc.xls,https://www.bcv.org.ve/sites/default/files/EstadisticasGeneral/2_1_2d23_smc.xls
2023-12-14,2023-12-15,14122023,EUR,Zona Euro,39.06223568,39.16013602,2023-12-14 15:24:00,2_1_2d23_smc.xls,https://www.bcv.org.ve/sites/default/files/EstadisticasGeneral/2_1_2d23_smc.xls
2023-12-14,2023-12-15,14122023,USD,E.U.A.,35.55119925,35.6403,2023-12-14 15:24:00,2_1_2d23_smc.xls,https://www.bcv.org.ve/sites/default/files/EstadisticasGeneral/2_1_2d23_smc.xls
2023-12-15,2023-12-18,15122023,EUR,Zona Euro,38.91134949,39.00887167,2023-12-15 15:14:00,2_1_2d23_smc.xls,https://www.bcv.org.ve/sites/default/files/EstadisticasGeneral/2_1_2d23_smc.xls
2023-12-15,2023-12-18,15122023,USD,E.U.A.,35.63538825,35.7247,2023-12-15 15:14:00,2_1_2d23_smc.xls,https://www.bcv.org.ve/sites/default/files/EstadisticasGeneral/2_1_2d23_smc.xls
2023-12-18,2023-12-19,18122023,EUR,Zona Euro,38.84750203,38.9448642,2023-12-18 15:36:00,2_1_2d23_smc.xls,https://www.bcv.org.ve/sites/default/files/EstadisticasGeneral/2_1_2d23_smc.xls
2023-12-18,2023-12-19,18122023,USD,E.U.A.,35.564865,35.654,2023-12-18 15:36:00,2_1_2d23_smc.xls,https://www.bcv.org.ve/sites/default/files/EstadisticasGeneral/2_1_2d23_smc.xls
2023-12-19,2023-12-20,19122023,EUR,Zona Euro,39.11127674,39.20929999,2023-12-19 15:37:00,2_1_2d23_smc.xls,https://www.bcv.org.ve/sites/default/files/EstadisticasGeneral/2_1_2d23_smc.xls
2023-12-19,2023-12-20,19122023,USD,E.U.A.,35.626311,35.7156,2023-12-19 15:37:00,2_1_2d23_smc.xls,https://www.bcv.org.ve/sites/default/files/EstadisticasGeneral/2_1_2d23_smc.xls
2023-12-20,2023-12-21,20122023,EUR,Zona Euro,39.09394973,39.19192956,2023-12-20 15:54:00,2_1_2d23_smc.xls,https://www.bcv.org.ve/sites/default/files/EstadisticasGeneral/2_1_2d23_smc.xls
2023-12-20,2023-12-21,20122023,USD,E.U.A.,35.64267,35.732,2023-12-20 15:54:00,2_1_2d23_smc.xls,https://www.bcv.org.ve/sites/default/files/EstadisticasGeneral/2_1_2d23_smc.xls
2023-12-21,2023-12-22,21122023,EUR,Zona Euro,39.22060338,39.31890063,2023-12-21 15:24:00,2_1_2d23_smc.xls,https://www.bcv.org.ve/sites/default/files/EstadisticasGeneral/2_1_2d23_smc.xls
2023-12-21,2023-12-22,21122023,USD,E.U.A.,35.6979315,35.7874,2023-12-21 15:24:00,2_1_2d23_smc.xls,https://www.bcv.org.ve/sites/default/files/EstadisticasGeneral/2_1_2d23_smc.xls
2023-12-22,2023-12-26,22122023,EUR,Zona Euro,39.3780608,39.47675268,2023-12-22 15:13:00,2_1_2d23_smc.xls,https://www.bcv.org.ve/sites/default/files/EstadisticasGeneral/2_1_2d23_smc.xls
2023-12-22,2023-12-26,22122023,USD,E.U.A.,35.7238665,35.8134,2023-12-22 15:13:00,2_1_2d23_smc.xls,https://www.bcv.org.ve/sites/default/files/EstadisticasGeneral/2_1_2d23_smc.xls
2023-12-26,2023-12-27,26122023,EUR,Zona Euro,39.37500129,39.4736855,2023-12-26 15:37:00,2_1_2d23_smc.xls,https://www.bcv.org.ve/sites/default/files/EstadisticasGeneral/2_1_2d23_smc.xls
2023-12-26,2023-12-27,26122023,USD,E.U.A.,35.69324325,35.7827,2023-12-26 15:37:00,2_1_2d23_smc.xls,https://www.bcv.org.ve/sites/default/files/EstadisticasGeneral/2_1_2d23_smc.xls
2023-12-27,2023-12-28,27122023,EUR,Zona Euro,39.69613139,39.79562044,2023-12-27 15:21:00,2_1_2d23_smc.xls,https://www.bcv.org.ve/sites/default/files/EstadisticasGeneral/2_1_2d23_smc.xls
2023-12-27,2023-12-28,27122023,USD,E.U.A.,35.745213,35.8348,2023-12-27 15:21:00,2_1_2d23_smc.xls,https://www.bcv.org.ve/sites/default/files/EstadisticasGeneral/2_1_2d23_smc.xls
2023-12-28,2023-12-29,28122023,EUR,Zona Euro,39.80465226,39.9044133,2023-12-28 15:45:00,2_1_2d23_smc.xls,https://www.bcv.org.ve/sites/default/files/EstadisticasGeneral/2_1_2d23_smc.xls
2023-12-28,2023-12-29,28122023,USD,E.U.A.,35.84067375,35.9305,2023-12-28 15:45:00,2_1_2d23_smc.xls,https://www.bcv.org.ve/sites/default/files/EstadisticasGeneral/2_1_2d23_smc.xls
2023-12-29,2024-01-02,29122023,EUR,Zona Euro,39.71711247,39.81665411,2023-12-29 15:17:00,2_1_2d23_smc.xls,https://www.bcv.org.ve/sites/default/files/EstadisticasGeneral/2_1_2d23_smc.xls
2023-12-29,2024-01-02,29122023,USD,E.U.A.,35.86940175,35.9593,2023-12-29 15:17:00,2_1_2d23_smc.xls,https://www.bcv.org.ve/sites/default/files/EstadisticasGeneral/2_1_2d23_smc.xls
2024-01-02,2024-01-03,02012024,EUR,Zona Euro,39.21159864,39.30987333,2024-01-02 15:31:00,2_1_2a24_smc.xls,https://www.bcv.org.ve/sites/default/files/EstadisticasGeneral/2_1_2a24_smc.xls
2024-01-02,2024-01-03,02012024,USD,E.U.A.,35.7773325,35.867,2024-01-02 15:31:00,2_1_2a24_smc.xls,https://www.bcv.org.ve/sites/default/files/EstadisticasGeneral/2_1_2a24_smc.xls
2024-01-03,2024-01-04,03012024,EUR,Zona Euro,39.14196672,39.24006688,2024-01-03 15:27:00,2_1_2a24_smc.xls,https://www.bcv.org.ve/sites/default/files/EstadisticasGeneral/2_1_2a24_smc.xls
2024-01-03,2024-01-04,03012024,USD,E.U.A.,35.859726,35.9496,2024-01-03 15:27:00,2_1_2a24_smc.xls,https://www.bcv.org.ve/sites/default/files/EstadisticasGeneral/2_1_2a24_smc.xls
2024-01-04,2024-01-05,04012024,EUR,Zona Euro,39.3929208,39.49164993,2024-01-04 15:27:00,2_1_2a24_smc.xls,https://www.bcv.org.ve/sites/default/files/EstadisticasGeneral/2_1_2a24_smc.xls
2024-01-04,2024-01-05,04012024,USD,E.U.A.,35.94441375,36.0345,2024-01-04 15:27:00,2_1_2a24_smc.xls,https://www.bcv.org.ve/sites/default/files/EstadisticasGeneral/2_1_2a24_smc.xls
2024-01-05,2024-01-08,05012024,EUR,Zona Euro,39.41582676,39.51461329,2024-01-05 15:05:00,2_1_2a24_smc.xls,https://www.bcv.org.ve/sites/default/files/EstadisticasGeneral/2_1_2a24_smc.xls
2024-01-05,2024-01-08,05012024,USD,E.U.A.,35.91648375,36.0065,2024-01-05 15:05:00,2_1_2a24_smc.xls,https://www.bcv.org.ve/sites/default/files/EstadisticasGeneral/2_1_2a24_smc.xls
2024-01-08,2024-01-09,08012024,EUR,Zona Euro,39.28187931,39.38033014,2024-01-08 15:39:00,2_1_2a24_smc.xls,https://www.bcv.org.ve/sites/default/files/EstadisticasGeneral/2_1_2a24_smc.xls
2024-01-08,2024-01-09,08012024,USD,E.U.A.,35.84865375,35.9385,2024-01-08 15:39:00,2_1_2a24_smc.xls,https://www.bcv.org.ve/sites/default/files/EstadisticasGeneral/2_1_2a24_smc.xls
2024-01-09,2024-01-10,09012024,EUR,Zona Euro,39.20367268,39.3019275,2024-01-09 15:17:00,2_1_2a24_smc.xls,https://www.bcv.org.ve/sites/default/files/EstadisticasGeneral/2_1_2a24_smc.xls
2024-01-09,2024-01-10,09012024,USD,E.U.A.,35.82730725,35.9171,2024-01-09 15:17:00,2_1_2a24_smc.xls,https://www.bcv.org.ve/sites/default/files/EstadisticasGeneral/2_1_2a24_smc.xls
2024-01-10,2024-01-11,10012024,EUR,Zona Euro,39.23987747,39.33822302,2024-01-10 16:20:00,2_1_2a24_smc.xls,https://www.bcv.org.ve/sites/default/files/EstadisticasGeneral/2_1_2a24_smc.xls
2024-01-10,2024-01-11,10012024,USD,E.U.A.,35.85384075,35.9437,2024-01-10 16:20:00,2_1_2a24_smc.xls,https://www.bcv.org.ve/sites/default/files/EstadisticasGeneral/2_1_2a24_smc.xls
2024-01-11,2024-01-12,11012024,EUR,Zona Euro,39.26155564,39.35995553,2024-01-11 17:10:00,2_1_2a24_smc.xls,https://www.bcv.org.ve/sites/default/files/EstadisticasGeneral/2_1_2a24_smc.xls
2024-01-11,2024-01-12,11012024,USD,E.U.A.,35.87299275,35.9629,2024-01-11 17:10:00,2_1_2a24_smc.xls,https://www.bcv.org.ve/sites/default/files/EstadisticasGeneral/2_1_2a24_smc.xls
2024-01-12,2024-01-15,12012024,EUR,Zona Euro,39.4834465,39.58240251,2024-01-12 16:10:00,2_1_2a24_smc.xls,https://www.bcv.org.ve/sites/default/files/EstadisticasGeneral/2_1_2a24_smc.xls
2024-01-12,2024-01-15,12012024,USD,E.U.A.,35.94960075,36.0397,2024-01-12 16:10:00,2_1_2a24_smc.xls,https://www.bcv.org.ve/sites/default/files/EstadisticasGeneral/2_1_2a24_smc.xls
2024-01-15,2024-01-16,15012024,EUR,Zona Euro,39.27734007,39.37577952,2024-01-15 16:10:00,2_1_2a24_smc.xls,https://www.bcv.org.ve/sites/default/files/EstadisticasGeneral/2_1_2a24_smc.xls
2024-01-15,2024-01-16,15012024,USD,E.U.A.,35.884464,35.9744,2024-01-15 16:10:00,2_1_2a24_smc.xls,https://www.bcv.org.ve/sites/default/files/EstadisticasGeneral/2_1_2a24_smc.xls
2024-01-16,2024-01-17,16012024,EUR,Zona Euro,39.10663101,39.20464262,2024-01-16 15:15:00,2_1_2a24_smc.xls,https://www.bcv.org.ve/sites/default/files/EstadisticasGeneral/2_1_2a24_smc.xls
2024-01-16,2024-01-17,16012024,USD,E.U.A.,35.9564835,36.0466,2024-01-16 15:15:00,2_1_2a24_smc.xls,https://www.bcv.org.ve/sites/default/files/EstadisticasGeneral/2_1_2a24_smc.xls
2024-01-17,2024-01-18,17012024,EUR,Zona Euro,39.07745925,39.17539775,2024-01-17 15:14:00,2_1_2a24_smc.xls,https://www.bcv.org.ve/sites/default/files/EstadisticasGeneral/2_1_2a24_smc.xls
2024-01-17,2024-01-18,17012024,USD,E.U.A.,35.98590975,36.0761,2024-01-17 15:14:00,2_1_2a24_smc.xls,https://www.bcv.org.ve/sites/default/files/EstadisticasGeneral/2_1_2a24_smc.xls
2024-01-18,2024-01-19,18012024,EUR,Zona Euro,39.15485451,39.25298698,2024-01-18 15:30:00,2_1_2a24_smc.xls,https://www.bcv.org.ve/sites/default/files/EstadisticasGeneral/2_1_2a24_smc.xls
2024-01-18,2024-01-19,18012024,USD,E.U.A.,36.04755525,36.1379,2024-01-18 15:30:00,2_1_2a24_smc.xls,https://www.bcv.org.ve/sites/default/files/EstadisticasGeneral/2_1_2a24_smc.xls
2024-01-19,2024-01-22,19012024,EUR,Zona Euro,39.22661957,39.3249319,2024-01-19 15:23:00,2_1_2a24_smc.xls,https://www.bcv.org.ve/sites/default/files/EstadisticasGeneral/2_1_2a24_smc.xls
2024-01-19,2024-01-22,19012024,USD,E.U.A.,36.05553525,36.1459,2024-01-19 15:23:00,2_1_2a24_smc.xls,https://www.bcv.org.ve/sites/default/files/EstadisticasGeneral/2_1_2a24_smc.xls
2024-01-22,2024-01-23,22012024,EUR,Zona Euro,39.23528026,39.3336143,2024-01-22 15:22:00,2_1_2a24_smc.xls,https://www.bcv.org.ve/sites/default/files/EstadisticasGeneral/2_1_2a24_smc.xls
2024-01-22,2024-01-23,22012024,USD,E.U.A.,36.020124,36.1104,2024-01-22 15:22:00,2_1_2a24_smc.xls,https://www.bcv.org.ve/sites/default/files/EstadisticasGeneral/2_1_2a24_smc.xls
2024-01-23,2024-01-24,23012024,EUR,Zona Euro,39.09068404,39.18865568,2024-01-23 15:40:00,2_1_2a24_smc.xls,https://www.bcv.org.ve/sites/default/files/EstadisticasGeneral/2_1_2a24_smc.xls
2024-01-23,2024-01-24,23012024,USD,E.U.A.,36.03758025,36.1279,2024-01-23 15:40:00,2_1_2a24_smc.xls,https://www.bcv.org.ve/sites/default/files/EstadisticasGeneral/2_1_2a24_smc.xls
2024-01-24,2024-01-25,24012024,EUR,Zona Euro,39.28573118,39.38419166,2024-01-24 15:15:00,2_1_2a24_smc.xls,https://www.bcv.org.ve/sites/default/files/EstadisticasGeneral/2_1_2a24_smc.xls
2024-01-24,2024-01-25,24012024,USD,E.U.A.,36.02840325,36.1187,2024-01-24 15:15:00,2_1_2a24_smc.xls,https://www.bcv.org.ve/sites/default/files/EstadisticasGeneral/2_1_2a24_smc.xls
2024-01-25,2024-01-26,25012024,EUR,Zona Euro,39.0651292,39.16303679,2024-01-25 15:12:00,2_1_2a24_smc.xls,https://www.bcv.org.ve/sites/default/files/EstadisticasGeneral/2_1_2a24_smc.xls
2024-01-25,2024-01-26,25012024,USD,E.U.A.,36.0283035,36.1186,2024-01-25 15:12:00,2_1_2a24_smc.xls,https://www.bcv.org.ve/sites/default/files/EstadisticasGeneral/2_1_2a24_smc.xls
2024-01-26,2024-01-29,26012024,EUR,Zona Euro,39.20877792,39.30704554,2024-01-26 15:15:00,2_1_2a24_smc.xls,https://www.bcv.org.ve/sites/default/files/EstadisticasGeneral/2_1_2a24_smc.xls
2024-01-26,2024-01-29,26012024,USD,E.U.A.,36.111495,36.202,2024-01-26 15:15:00,2_1_2a24_smc.xls,https://www.bcv.org.ve/sites/default/files/EstadisticasGeneral/2_1_2a24_smc.xls
2024-01-29,2024-01-30,29012024,EUR,Zona Euro,38.97377567,39.0714543,2024-01-29 15:23:00,2_1_2a24_smc.xls,https://www.bcv.org.ve/sites/default/files/EstadisticasGeneral/2_1_2a24_smc.xls
2024-01-29,2024-01-30,29012024,USD,E.U.A.,36.0514455,36.1418,2024-01-29 15:23:00,2_1_2a24_smc.xls,https://www.bcv.org.ve/sites/default/files/EstadisticasGeneral/2_1_2a24_smc.xls
2024-01-30,2024-01-31,30012024,EUR,Zona Euro,39.11221219,39.21023779,2024-01-30 15:19:00,2_1_2a24_smc.xls,https://www.bcv.org.ve/sites/default/files/EstadisticasGeneral/2_1_2a24_smc.xls
2024-01-30,2024-01-31,30012024,USD,E.U.A.,36.112692,36.2032,2024-01-30 15:19:00,2_1_2a24_smc.xls,https://www.bcv.org.ve/sites/default/files/EstadisticasGeneral/2_1_2a24_smc.xls
2024-01-31,2024-02-01,31012024,EUR,Zona Euro,39.33717015,39.43575955,2024-01-31 15:11:00,2_1_2a24_smc.xls,https://www.bcv.org.ve/sites/default/files/EstadisticasGeneral/2_1_2a24_smc.xls
2024-01-31,2024-02-01,31012024,USD,E.U.A.,36.16944975,36.2601,2024-01-31 15:11:00,2_1_2a24_smc.xls,https://www.bcv.org.ve/sites/default/files/EstadisticasGeneral/2_1_2a24_smc.xls
2024-02-01,2024-02-02,01022024,EUR,Zona Euro,39.14461479,39.2427216,2024-02-01 15:27:00,2_1_2a24_smc.xls,https://www.bcv.org.ve/sites/default/files/EstadisticasGeneral/2_1_2a24_smc.xls
2024-02-01,2024-02-02,01022024,USD,E.U.A.,36.144612,36.2352,2024-02-01 15:27:00,2_1_2a24_smc.xls,https://www.bcv.org.ve/sites/default/files/EstadisticasGeneral/2_1_2a24_smc.xls
2024-02-02,2024-02-05,02022024,EUR,Zona Euro,39.06256782,39.16046899,2024-02-02 15:29:00,2_1_2a24_smc.xls,https://www.bcv.org.ve/sites/default/files/EstadisticasGeneral/2_1_2a24_smc.xls
2024-02-02,2024-02-05,02022024,USD,E.U.A.,36.19518525,36.2859,2024-02-02 15:29:00,2_1_2a24_smc.xls,https://www.bcv.org.ve/sites/default/files/EstadisticasGeneral/2_1_2a24_smc.xls
2024-02-05,2024-02-06,05022024,EUR,Zona Euro,38.80264845,38.8998982,2024-02-05 15:45:00,2_1_2a24_smc.xls,https://www.bcv.org.ve/sites/default/files/EstadisticasGeneral/2_1_2a24_smc.xls
2024-02-05,2024-02-06,05022024,USD,E.U.A.,36.1627665,36.2534,2024-02-05 15:45:00,2_1_2a24_smc.xls,https://www.bcv.org.ve/sites/default/files/EstadisticasGeneral/2_1_2a24_smc.xls
2024-02-06,2024-02-07,06022024,EUR,Zona Euro,38.86431368,38.96171798,2024-02-06 16:36:00,2_1_2a24_smc.xls,https://www.bcv.org.ve/sites/default/files/EstadisticasGeneral/2_1_2a24_smc.xls
2024-02-06,2024-02-07,06022024,USD,E.U.A.,36.164961,36.2556,2024-02-06 16:36:00,2_1_2a24_smc.xls,https://www.bcv.org.ve/sites/default/files/EstadisticasGeneral/2_1_2a24_smc.xls
2024-02-07,2024-02-08,07022024,EUR,Zona Euro,38.93780888,39.03539737,2024-02-07 17:48:00,2_1_2a24_smc.xls,https://www.bcv.org.ve/sites/default/files/EstadisticasGeneral/2_1_2a24_smc.xls
2024-02-07,2024-02-08,07022024,USD,E.U.A.,36.14690625,36.2375,2024-02-07 17:48:00,2_1_2a24_smc.xls,https://www.bcv.org.ve/sites/default/files/EstadisticasGeneral/2_1_2a24_smc.xls
2024-02-08,2024-02-09,08022024,EUR,Zona Euro,38.96585362,39.0635124,2024-02-08 16:08:00,2_1_2a24_smc.xls,https://www.bcv.org.ve/sites/default/files/EstadisticasGeneral/2_1_2a24_smc.xls
2024-02-08,2024-02-09,08022024,USD,E.U.A.,36.20117025,36.2919,2024-02-08 16:08:00,2_1_2a24_smc.xls,https://www.bcv.org.ve/sites/default/files/EstadisticasGeneral/2_1_2a24_smc.xls
2024-02-09,2024-02-14,09022024,EUR,Zona Euro,39.07447671,39.17240773,2024-02-09 15:31:00,2_1_2a24_smc.xls,https://www.bcv.org.ve/sites/default/files/EstadisticasGeneral/2_1_2a24_smc.xls
2024-02-09,2024-02-14,09022024,USD,E.U.A.,36.22770375,36.3185,2024-02-09 15:31:00,2_1_2a24_smc.xls,https://www.bcv.org.ve/sites/default/files/EstadisticasGeneral/2_1_2a24_smc.xls
2024-02-14,2024-02-15,14022024,EUR,Zona Euro,38.75822897,38.85536739,2024-02-14 15:38:00,2_1_2a24_smc.xls,https://www.bcv.org.ve/sites/default/files/EstadisticasGeneral/2_1_2a24_smc.xls
2024-02-14,2024-02-15,14022024,USD,E.U.A.,36.17024775,36.2609,2024-02-14 15:38:00,2_1_2a24_smc.xls,https://www.bcv.org.ve/sites/default/files/EstadisticasGeneral/2_1_2a24_smc.xls
2024-02-15,2024-02-16,15022024,EUR,Zona Euro,39.0175932,39.11538165,2024-02-15 16:05:00,2_1_2a24_smc.xls,https://www.bcv.org.ve/sites/default/files/EstadisticasGeneral/2_1_2a24_smc.xls
2024-02-15,2024-02-16,15022024,USD,E.U.A.,36.18301575,36.2737,2024-02-15 16:05:00,2_1_2a24_smc.xls,https://www.bcv.org.ve/sites/default/files/EstadisticasGeneral/2_1_2a24_smc.xls
2024-02-16,2024-02-19,16022024,EUR,Zona Euro,39.03401021,39.13183981,2024-02-16 15:39:00,2_1_2a24_smc.xls,https://www.bcv.org.ve/sites/default/files/EstadisticasGeneral/2_1_2a24_smc.xls
2024-02-16,2024-02-19,16022024,USD,E.U.A.,36.2449605,36.3358,2024-02-16 15:39:00,2_1_2a24_smc.xls,https://www.bcv.org.ve/sites/default/files/EstadisticasGeneral/2_1_2a24_smc.xls
2024-02-19,2024-02-20,19022024,EUR,Zona Euro,38.9164822,39.01401725,2024-02-19 15:50:00,2_1_2a24_smc.xls,https://www.bcv.org.ve/sites/default/files/EstadisticasGeneral/2_1_2a24_smc.xls
2024-02-19,2024-02-20,19022024,USD,E.U.A.,36.14690625,36.2375,2024-02-19 15:50:00,2_1_2a24_smc.xls,https://www.bcv.org.ve/sites/default/files/EstadisticasGeneral/2_1_2a24_smc.xls
2024-02-20,2024-02-21,20022024,EUR,Zona Euro,39.18361921,39.28182377,2024-02-20 15:17:00,2_1_2a24_smc.xls,https://www.bcv.org.ve/sites/default/files/EstadisticasGeneral/2_1_2a24_smc.xls
2024-02-20,2024-02-21,20022024,USD,E.U.A.,36.20436225,36.2951,2024-02-20 15:17:00,2_1_2a24_smc.xls,https://www.bcv.org.ve/sites/default/files/EstadisticasGeneral/2_1_2a24_smc.xls
2024-02-21,2024-02-22,21022024,EUR,Zona Euro,39.09544156,39.19342512,2024-02-21 15:17:00,2_1_2a24_smc.xls,https://www.bcv.org.ve/sites/default/files/EstadisticasGeneral/2_1_2a24_smc.xls
2024-02-21,2024-02-22,21022024,USD,E.U.A.,36.14092125,36.2315,2024-02-21 15:17:00,2_1_2a24_smc.xls,https://www.bcv.org.ve/sites/default/files/EstadisticasGeneral/2_1_2a24_smc.xls
2024-02-22,2024-02-23,22022024,EUR,Zona Euro,39.07345971,39.17138819,2024-02-22 15:22:00,2_1_2a24_smc.xls,https://www.bcv.org.ve/sites/default/files/EstadisticasGeneral/2_1_2a24_smc.xls
2024-02-22,2024-02-23,22022024,USD,E.U.A.,36.14231775,36.2329,2024-02-22 15:22:00,2_1_2a24_smc.xls,https://www.bcv.org.ve/sites/default/files/EstadisticasGeneral/2_1_2a24_smc.xls
2024-02-23,2024-02-26,23022024,EUR,Zona Euro,38.9285156,39.0260808,2024-02-23 15:19:00,2_1_2a24_smc.xls,https://www.bcv.org.ve/sites/default/files/EstadisticasGeneral/2_1_2a24_smc.xls
2024-02-23,2024-02-26,23022024,USD,E.U.A.,35.9796255,36.0698,2024-02-23 15:19:00,2_1_2a24_smc.xls,https://www.bcv.org.ve/sites/default/files/EstadisticasGeneral/2_1_2a24_smc.xls
2024-02-26,2024-02-27,26022024,EUR,Zona Euro,39.0142928,39.11207299,2024-02-26 15:40:00,2_1_2a24_smc.xls,https://www.bcv.org.ve/sites/default/files/EstadisticasGeneral/2_1_2a24_smc.xls
2024-02-26,2024-02-27,26022024,USD,E.U.A.,35.9804235,36.0706,2024-02-26 15:40:00,2_1_2a24_smc.xls,https://www.bcv.org.ve/sites/default/files/EstadisticasGeneral/2_1_2a24_smc.xls
2024-02-27,2024-02-28,27022024,EUR,Zona Euro,39.05346666,39.15134503,2024-02-27 15:14:00,2_1_2a24_smc.xls,https://www.bcv.org.ve/sites/default/files/EstadisticasGeneral/2_1_2a24_smc.xls
2024-02-27,2024-02-28,27022024,USD,E.U.A.,36.00526125,36.0955,2024-02-27 15:14:00,2_1_2a24_smc.xls,https://www.bcv.org.ve/sites/default/files/EstadisticasGeneral/2_1_2a24_smc.xls
2024-02-28,2024-02-29,28022024,EUR,Zona Euro,39.02202972,39.11982929,2024-02-28 14:40:00,2_1_2a24_smc.xls,https://www.bcv.org.ve/sites/default/files/EstadisticasGeneral/2_1_2a24_smc.xls
2024-02-28,2024-02-29,28022024,USD,E.U.A.,36.040074,36.1304,2024-02-28 14:40:00,2_1_2a24_smc.xls,https://www.bcv.org.ve/sites/default/files/EstadisticasGeneral/2_1_2a24_smc.xls
2024-02-29,2024-03-01,29022024,EUR,Zona Euro,39.12555939,39.22361844,2024-02-29 15:10:00,2_1_2a24_smc.xls,https://www.bcv.org.ve/sites/default/files/EstadisticasGeneral/2_1_2a24_smc.xls
2024-02-29,2024-03-01,29022024,USD,E.U.A.,36.0614205,36.1518,2024-02-29 15:10:00,2_1_2a24_smc.xls,https://www.bcv.org.ve/sites/default/files/EstadisticasGeneral/2_1_2a24_smc.xls
2024-03-01,2024-03-04,01032024,EUR,Zona Euro,38.96590456,39.06356346,2024-03-01 15:10:00,2_1_2a24_smc.xls,https://www.bcv.org.ve/sites/default/files/EstadisticasGeneral/2_1_2a24_smc.xls
2024-03-01,2024-03-04,01032024,USD,E.U.A.,35.98989975,36.0801,2024-03-01 15:10:00,2_1_2a24_smc.xls,https://www.bcv.org.ve/sites/default/files/EstadisticasGeneral/2_1_2a24_smc.xls
2024-03-04,2024-03-05,04032024,EUR,Zona Euro,39.10833125,39.20634712,2024-03-04 15:31:00,2_1_2a24_smc.xls,https://www.bcv.org.ve/sites/default/files/EstadisticasGeneral/2_1_2a24_smc.xls
2024-03-04,2024-03-05,04032024,USD,E.U.A.,36.00306675,36.0933,2024-03-04 15:31:00,2_1_2a24_smc.xls,https://www.bcv.org.ve/sites/default/files/EstadisticasGeneral/2_1_2a24_smc.xls
2024-03-05,2024-03-06,05032024,EUR,Zona Euro,39.17707843,39.2752666,2024-03-05 15:19:00,2_1_2a24_smc.xls,https://www.bcv.org.ve/sites/default/files/EstadisticasGeneral/2_1_2a24_smc.xls
2024-03-05,2024-03-06,05032024,USD,E.U.A.,36.0414705,36.1318,2024-03-05 15:19:00,2_1_2a24_smc.xls,https://www.bcv.org.ve/sites/default/files/EstadisticasGeneral/2_1_2a24_smc.xls
2024-03-06,2024-03-07,06032024,EUR,Zona Euro,39.27399712,39.37242819,2024-03-06 14:56:00,2_1_2a24_smc.xls,https://www.bcv.org.ve/sites/default/files/EstadisticasGeneral/2_1_2a24_smc.xls
2024-03-06,2024-03-07,06032024,USD,E.U.A.,36.0821685,36.1726,2024-03-06 14:56:00,2_1_2a24_smc.xls,https://www.bcv.org.ve/sites/default/files/EstadisticasGeneral/2_1_2a24_smc.xls
2024-03-07,2024-03-08,07032024,EUR,Zona Euro,39.33527403,39.43385868,2024-03-07 15:12:00,2_1_2a24_smc.xls,https://www.bcv.org.ve/sites/default/files/EstadisticasGeneral/2_1_2a24_smc.xls
2024-03-07,2024-03-08,07032024,USD,E.U.A.,36.04276725,36.1331,2024-03-07 15:12:00,2_1_2a24_smc.xls,https://www.bcv.org.ve/sites/default/files/EstadisticasGeneral/2_1_2a24_smc.xls
2024-03-08,2024-03-11,08032024,EUR,Zona Euro,39.50945265,39.60847383,2024-03-08 15:14:00,2_1_2a24_smc.xls,https://www.bcv.org.ve/sites/default/files/EstadisticasGeneral/2_1_2a24_smc.xls
2024-03-08,2024-03-11,08032024,USD,E.U.A.,36.09982425,36.1903,2024-03-08 15:14:00,2_1_2a24_smc.xls,https://www.bcv.org.ve/sites/default/files/EstadisticasGeneral/2_1_2a24_smc.xls
2024-03-11,2024-03-12,11032024,EUR,Zona Euro,39.44114613,39.53999612,2024-03-11 15:13:00,2_1_2a24_smc.xls,https://www.bcv.org.ve/sites/default/files/EstadisticasGeneral/2_1_2a24_smc.xls
2024-03-11,2024-03-12,11032024,USD,E.U.A.,36.10999875,36.2005,2024-03-11 15:13:00,2_1_2a24_smc.xls,https://www.bcv.org.ve/sites/default/files/EstadisticasGeneral/2_1_2a24_smc.xls
2024-03-12,2024-03-13,12032024,EUR,Zona Euro,39.44454948,39.543408,2024-03-12 15:12:00,2_1_2a24_smc.xls,https://www.bcv.org.ve/sites/default/files/EstadisticasGeneral/2_1_2a24_smc.xls
2024-03-12,2024-03-13,12032024,USD,E.U.A.,36.146208,36.2368,2024-03-12 15:12:00,2_1_2a24_smc.xls,https://www.bcv.org.ve/sites/default/files/EstadisticasGeneral/2_1_2a24_smc.xls
2024-03-13,2024-03-14,13032024,EUR,Zona Euro,39.58336014,39.68256655,2024-03-13 14:39:00,2_1_2a24_smc.xls,https://www.bcv.org.ve/sites/default/files/EstadisticasGeneral/2_1_2a24_smc.xls
2024-03-13,2024-03-14,13032024,USD,E.U.A.,36.17264175,36.2633,2024-03-13 14:39:00,2_1_2a24_smc.xls,https://www.bcv.org.ve/sites/default/files/EstadisticasGeneral/2_1_2a24_smc.xls
2024-03-14,2024-03-15,14032024,EUR,Zona Euro,39.39313773,39.4918674,2024-03-14 15:12:00,2_1_2a24_smc.xls,https://www.bcv.org.ve/sites/default/files/EstadisticasGeneral/2_1_2a24_smc.xls
2024-03-14,2024-03-15,14032024,USD,E.U.A.,36.18531,36.276,2024-03-14 15:12:00,2_1_2a24_smc.xls,https://www.bcv.org.ve/sites/default/files/EstadisticasGeneral/2_1_2a24_smc.xls
2024-03-15,2024-03-18,15032024,EUR,Zona Euro,39.43805953,39.53690178,2024-03-15 15:13:00,2_1_2a24_smc.xls,https://www.bcv.org.ve/sites/default/files/EstadisticasGeneral/2_1_2a24_smc.xls
2024-03-15,2024-03-18,15032024,USD,E.U.A.,36.22590825,36.3167,2024-03-15 15:13:00,2_1_2a24_smc.xls,https://www.bcv.org.ve/sites/default/files/EstadisticasGeneral/2_1_2a24_smc.xls
2024-03-18,2024-03-20,18032024,EUR,Zona Euro,39.38694449,39.48565864,2024-03-18 15:07:00,2_1_2a24_smc.xls,https://www.bcv.org.ve/sites/default/files/EstadisticasGeneral/2_1_2a24_smc.xls
2024-03-18,2024-03-20,18032024,USD,E.U.A.,36.17463675,36.2653,2024-03-18 15:07:00,2_1_2a24_smc.xls,https://www.bcv.org.ve/sites/default/files/EstadisticasGeneral/2_1_2a24_smc.xls
2024-03-20,2024-03-21,20032024,EUR,Zona Euro,39.27959348,39.37803858,2024-03-20 16:10:00,2_1_2a24_smc.xls,https://www.bcv.org.ve/sites/default/files/EstadisticasGeneral/2_1_2a24_smc.xls
2024-03-20,2024-03-21,20032024,USD,E.U.A.,36.19538475,36.2861,2024-03-20 16:10:00,2_1_2a24_smc.xls,https://www.bcv.org.ve/sites/default/files/EstadisticasGeneral/2_1_2a24_smc.xls
2024-03-21,2024-03-22,21032024,EUR,Zona Euro,39.37537519,39.47406034,2024-03-21 16:10:00,2_1_2a24_smc.xls,https://www.bcv.org.ve/sites/default/files/EstadisticasGeneral/2_1_2a24_smc.xls
2024-03-21,2024-03-22,21032024,USD,E.U.A.,36.23089575,36.3217,2024-03-21 16:10:00,2_1_2a24_smc.xls,https://www.bcv.org.ve/sites/default/files/EstadisticasGeneral/2_1_2a24_smc.xls
2024-03-22,2024-03-25,22032024,EUR,Zona Euro,39.23432026,39.33265189,2024-03-22 16:10:00,2_1_2a24_smc.xls,https://www.bcv.org.ve/sites/default/files/EstadisticasGeneral/2_1_2a24_smc.xls
2024-03-22,2024-03-25,22032024,USD,E.U.A.,36.26461125,36.3555,2024-03-22 16:10:00,2_1_2a24_smc.xls,https://www.bcv.org.ve/sites/default/files/EstadisticasGeneral/2_1_2a24_smc.xls
2024-03-25,2024-03-26,25032024,EUR,Zona Euro,39.23156035,39.32988507,2024-03-25 15:38:00,2_1_2a24_smc.xls,https://www.bcv.org.ve/sites/default/files/EstadisticasGeneral/2_1_2a24_smc.xls
2024-03-25,2024-03-26,25032024,USD,E.U.A.,36.2098485,36.3006,2024-03-25 15:38:00,2_1_2a24_smc.xls,https://www.bcv.org.ve/sites/default/files/EstadisticasGeneral/2_1_2a24_smc.xls
2024-03-26,2024-03-27,26032024,EUR,Zona Euro,39.28070465,39.37915254,2024-03-26 15:15:00,2_1_2a24_smc.xls,https://www.bcv.org.ve/sites/default/files/EstadisticasGeneral/2_1_2a24_smc.xls
2024-03-26,2024-03-27,26032024,USD,E.U.A.,36.243165,36.334,2024-03-26 15:15:00,2_1_2a24_smc.xls,https://www.bcv.org.ve/sites/default/files/EstadisticasGeneral/2_1_2a24_smc.xls
2024-03-27,2024-04-01,27032024,EUR,Zona Euro,39.15885809,39.25700059,2024-03-27 14:55:00,2_1_2a24_smc.xls,https://www.bcv.org.ve/sites/default/files/EstadisticasGeneral/2_1_2a24_smc.xls
2024-03-27,2024-04-01,27032024,USD,E.U.A.,36.198876,36.2896,2024-03-27 14:55:00,2_1_2a24_smc.xls,https://www.bcv.org.ve/sites/default/files/EstadisticasGeneral/2_1_2a24_smc.xls
2024-04-01,2024-04-02,01042024,EUR,Zona Euro,38.85248591,38.94986056,2024-04-01 15:24:00,2_1_2b24_smc.xls,https://www.bcv.org.ve/sites/default/files/EstadisticasGeneral/2_1_2b24_smc.xls
2024-04-01,2024-04-02,01042024,USD,E.U.A.,36.17044725,36.2611,2024-04-01 15:24:00,2_1_2b24_smc.xls,https://www.bcv.org.ve/sites/default/files/EstadisticasGeneral/2_1_2b24_smc.xls
2024-04-02,2024-04-03,02042024,EUR,Zona Euro,38.97834046,39.07603054,2024-04-02 15:16:00,2_1_2b24_smc.xls,https://www.bcv.org.ve/sites/default/files/EstadisticasGeneral/2_1_2b24_smc.xls
2024-04-02,2024-04-03,02042024,USD,E.U.A.,36.195285,36.286,2024-04-02 15:16:00,2_1_2b24_smc.xls,https://www.bcv.org.ve/sites/default/files/EstadisticasGeneral/2_1_2b24_smc.xls
2024-04-03,2024-04-04,03042024,EUR,Zona Euro,39.15189201,39.25001705,2024-04-03 15:12:00,2_1_2b24_smc.xls,https://www.bcv.org.ve/sites/default/files/EstadisticasGeneral/2_1_2b24_smc.xls
2024-04-03,2024-04-04,03042024,USD,E.U.A.,36.15867675,36.2493,2024-04-03 15:12:00,2_1_2b24_smc.xls,https://www.bcv.org.ve/sites/default/files/EstadisticasGeneral/2_1_2b24_smc.xls
2024-04-04,2024-04-05,04042024,EUR,Zona Euro,39.24687987,39.34524298,2024-04-04 15:18:00,2_1_2b24_smc.xls,https://www.bcv.org.ve/sites/default/files/EstadisticasGeneral/2_1_2b24_smc.xls
2024-04-04,2024-04-05,04042024,USD,E.U.A.,36.11997375,36.2105,2024-04-04 15:18:00,2_1_2b24_smc.xls,https://www.bcv.org.ve/sites/default/files/EstadisticasGeneral/2_1_2b24_smc.xls
2024-04-05,2024-04-08,05042024,EUR,Zona Euro,39.12462472,39.22268143,2024-04-05 15:21:00,2_1_2b24_smc.xls,https://www.bcv.org.ve/sites/default/files/EstadisticasGeneral/2_1_2b24_smc.xls
2024-04-05,2024-04-08,05042024,USD,E.U.A.,36.1368315,36.2274,2024-04-05 15:21:00,2_1_2b24_smc.xls,https://www.bcv.org.ve/sites/default/files/EstadisticasGeneral/2_1_2b24_smc.xls
2024-04-08,2024-04-09,08042024,EUR,Zona Euro,39.17798555,39.27617599,2024-04-08 15:14:00,2_1_2b24_smc.xls,https://www.bcv.org.ve/sites/default/files/EstadisticasGeneral/2_1_2b24_smc.xls
2024-04-08,2024-04-09,08042024,USD,E.U.A.,36.09044775,36.1809,2024-04-08 15:14:00,2_1_2b24_smc.xls,https://www.bcv.org.ve/sites/default/files/EstadisticasGeneral/2_1_2b24_smc.xls
2024-04-09,2024-04-10,09042024,EUR,Zona Euro,39.22693094,39.32524405,2024-04-09 15:10:00,2_1_2b24_smc.xls,https://www.bcv.org.ve/sites/default/files/EstadisticasGeneral/2_1_2b24_smc.xls
2024-04-09,2024-04-10,09042024,USD,E.U.A.,36.13453725,36.2251,2024-04-09 15:10:00,2_1_2b24_smc.xls,https://www.bcv.org.ve/sites/default/files/EstadisticasGeneral/2_1_2b24_smc.xls
2024-04-10,2024-04-11,10042024,EUR,Zona Euro,38.79433709,38.89156601,2024-04-10 15:18:00,2_1_2b24_smc.xls,https://www.bcv.org.ve/sites/default/files/EstadisticasGeneral/2_1_2b24_smc.xls
2024-04-10,2024-04-11,10042024,USD,E.U.A.,36.09782925,36.1883,2024-04-10 15:18:00,2_1_2b24_smc.xls,https://www.bcv.org.ve/sites/default/files/EstadisticasGeneral/2_1_2b24_smc.xls
2024-04-11,2024-04-12,11042024,EUR,Zona Euro,38.7504821,38.8476011,2024-04-11 15:15:00,2_1_2b24_smc.xls,https://www.bcv.org.ve/sites/default/files/EstadisticasGeneral/2_1_2b24_smc.xls
2024-04-11,2024-04-12,11042024,USD,E.U.A.,36.189699,36.2804,2024-04-11 15:15:00,2_1_2b24_smc.xls,https://www.bcv.org.ve/sites/default/files/EstadisticasGeneral/2_1_2b24_smc.xls
2024-04-12,2024-04-15,12042024,EUR,Zona Euro,38.48770925,38.58416967,2024-04-12 15:15:00,2_1_2b24_smc.xls,https://www.bcv.org.ve/sites/default/files/EstadisticasGeneral/2_1_2b24_smc.xls
2024-04-12,2024-04-15,12042024,USD,E.U.A.,36.20396325,36.2947,2024-04-12 15:15:00,2_1_2b24_smc.xls,https://www.bcv.org.ve/sites/default/files/EstadisticasGeneral/2_1_2b24_smc.xls
2024-04-15,2024-04-16,15042024,EUR,Zona Euro,38.49133231,38.58780181,2024-04-15 15:15:00,2_1_2b24_smc.xls,https://www.bcv.org.ve/sites/default/files/EstadisticasGeneral/2_1_2b24_smc.xls
2024-04-15,2024-04-16,15042024,USD,E.U.A.,36.19817775,36.2889,2024-04-15 15:15:00,2_1_2b24_smc.xls,https://www.bcv.org.ve/sites/default/files/EstadisticasGeneral/2_1_2b24_smc.xls
2024-04-16,2024-04-17,16042024,EUR,Zona Euro,38.50867572,38.60518869,2024-04-16 16:10:00,2_1_2b24_smc.xls,https://www.bcv.org.ve/sites/default/files/EstadisticasGeneral/2_1_2b24_smc.xls
2024-04-16,2024-04-17,16042024,USD,E.U.A.,36.2066565,36.2974,2024-04-16 16:10:00,2_1_2b24_smc.xls,https://www.bcv.org.ve/sites/default/files/EstadisticasGeneral/2_1_2b24_smc.xls
2024-04-17,2024-04-18,17042024,EUR,Zona Euro,38.55911579,38.65575518,2024-04-17 15:00:00,2_1_2b24_smc.xls,https://www.bcv.org.ve/sites/default/files/EstadisticasGeneral/2_1_2b24_smc.xls
2024-04-17,2024-04-18,17042024,USD,E.U.A.,36.23568375,36.3265,2024-04-17 15:00:00,2_1_2b24_smc.xls,https://www.bcv.org.ve/sites/default/files/EstadisticasGeneral/2_1_2b24_smc.xls
2024-04-18,2024-04-22,18042024,EUR,Zona Euro,38.65470227,38.75158123,2024-04-18 15:10:00,2_1_2b24_smc.xls,https://www.bcv.org.ve/sites/default/files/EstadisticasGeneral/2_1_2b24_smc.xls
2024-04-18,2024-04-22,18042024,USD,E.U.A.,36.25124475,36.3421,2024-04-18 15:10:00,2_1_2b24_smc.xls,https://www.bcv.org.ve/sites/default/files/EstadisticasGeneral/2_1_2b24_smc.xls
2024-04-22,2024-04-23,22042024,EUR,Zona Euro,38.59448709,38.69121513,2024-04-22 15:38:00,2_1_2b24_smc.xls,https://www.bcv.org.ve/sites/default/files/EstadisticasGeneral/2_1_2b24_smc.xls
2024-04-22,2024-04-23,22042024,USD,E.U.A.,36.2597235,36.3506,2024-04-22 15:38:00,2_1_2b24_smc.xls,https://www.bcv.org.ve/sites/default/files/EstadisticasGeneral/2_1_2b24_smc.xls
2024-04-23,2024-04-24,23042024,EUR,Zona Euro,38.82733881,38.92465044,2024-04-23 15:15:00,2_1_2b24_smc.xls,https://www.bcv.org.ve/sites/default/files/EstadisticasGeneral/2_1_2b24_smc.xls
2024-04-23,2024-04-24,23042024,USD,E.U.A.,36.29673075,36.3877,2024-04-23 15:15:00,2_1_2b24_smc.xls,https://www.bcv.org.ve/sites/default/files/EstadisticasGeneral/2_1_2b24_smc.xls
2024-04-24,2024-04-25,24042024,EUR,Zona Euro,38.83640992,38.93374428,2024-04-24 15:08:00,2_1_2b24_smc.xls,https://www.bcv.org.ve/sites/default/files/EstadisticasGeneral/2_1_2b24_smc.xls
2024-04-24,2024-04-25,24042024,USD,E.U.A.,36.33204225,36.4231,2024-04-24 15:08:00,2_1_2b24_smc.xls,https://www.bcv.org.ve/sites/default/files/EstadisticasGeneral/2_1_2b24_smc.xls
2024-04-25,2024-04-26,25042024,EUR,Zona Euro,38.93142923,39.02900174,2024-04-25 15:54:00,2_1_2b24_smc.xls,https://www.bcv.org.ve/sites/default/files/EstadisticasGeneral/2_1_2b24_smc.xls
2024-04-25,2024-04-26,25042024,USD,E.U.A.,36.34002225,36.4311,2024-04-25 15:54:00,2_1_2b24_smc.xls,https://www.bcv.org.ve/sites/default/files/EstadisticasGeneral/2_1_2b24_smc.xls
2024-04-26,2024-04-29,26042024,EUR,Zona Euro,38.82561156,38.92291886,2024-04-26 15:12:00,2_1_2b24_smc.xls,https://www.bcv.org.ve/sites/default/files/EstadisticasGeneral/2_1_2b24_smc.xls
2024-04-26,2024-04-29,26042024,USD,E.U.A.,36.341319,36.4324,2024-04-26 15:12:00,2_1_2b24_smc.xls,https://www.bcv.org.ve/sites/default/files/EstadisticasGeneral/2_1_2b24_smc.xls
2024-04-29,2024-04-30,29042024,EUR,Zona Euro,38.93673013,39.03431592,2024-04-29 15:14:00,2_1_2b24_smc.xls,https://www.bcv.org.ve/sites/default/files/EstadisticasGeneral/2_1_2b24_smc.xls
2024-04-29,2024-04-30,29042024,USD,E.U.A.,36.3351345,36.4262,2024-04-29 15:14:00,2_1_2b24_smc.xls,https://www.bcv.org.ve/sites/default/files/EstadisticasGeneral/2_1_2b24_smc.xls
2024-04-30,2024-05-02,30042024,EUR,Zona Euro,38.90162218,38.99911998,2024-04-30 15:19:00,2_1_2b24_smc.xls,https://www.bcv.org.ve/sites/default/files/EstadisticasGeneral/2_1_2b24_smc.xls
2024-04-30,2024-05-02,30042024,USD,E.U.A.,36.3818175,36.473,2024-04-30 15:19:00,2_1_2b24_smc.xls,https://www.bcv.org.ve/sites/default/files/EstadisticasGeneral/2_1_2b24_smc.xls
2024-05-02,2024-05-03,02052024,EUR,Zona Euro,38.95736761,39.05500512,2024-05-02 15:23:00,2_1_2b24_smc.xls,https://www.bcv.org.ve/sites/default/files/EstadisticasGeneral/2_1_2b24_smc.xls
2024-05-02,2024-05-03,02052024,USD,E.U.A.,36.41862525,36.5099,2024-05-02 15:23:00,2_1_2b24_smc.xls,https://www.bcv.org.ve/sites/default/files/EstadisticasGeneral/2_1_2b24_smc.xls
2024-05-03,2024-05-06,03052024,EUR,Zona Euro,39.30379739,39.40230314,2024-05-03 15:11:00,2_1_2b24_smc.xls,https://www.bcv.org.ve/sites/default/files/EstadisticasGeneral/2_1_2b24_smc.xls
2024-05-03,2024-05-06,03052024,USD,E.U.A.,36.49343775,36.5849,2024-05-03 15:11:00,2_1_2b24_smc.xls,https://www.bcv.org.ve/sites/default/files/EstadisticasGeneral/2_1_2b24_smc.xls
2024-05-06,2024-05-07,06052024,EUR,Zona Euro,39.32739463,39.42595953,2024-05-06 15:13:00,2_1_2b24_smc.xls,https://www.bcv.org.ve/sites/default/files/EstadisticasGeneral/2_1_2b24_smc.xls
2024-05-06,2024-05-07,06052024,USD,E.U.A.,36.48485925,36.5763,2024-05-06 15:13:00,2_1_2b24_smc.xls,https://www.bcv.org.ve/sites/default/files/EstadisticasGeneral/2_1_2b24_smc.xls
2024-05-07,2024-05-08,07052024,EUR,Zona Euro,39.31212657,39.41065321,2024-05-07 15:19:00,2_1_2b24_smc.xls,https://www.bcv.org.ve/sites/default/files/EstadisticasGeneral/2_1_2b24_smc.xls
2024-05-07,2024-05-08,07052024,USD,E.U.A.,36.47069475,36.5621,2024-05-07 15:19:00,2_1_2b24_smc.xls,https://www.bcv.org.ve/sites/default/files/EstadisticasGeneral/2_1_2b24_smc.xls
2024-05-08,2024-05-09,08052024,EUR,Zona Euro,39.21505684,39.31334019,2024-05-08 15:22:00,2_1_2b24_smc.xls,https://www.bcv.org.ve/sites/default/files/EstadisticasGeneral/2_1_2b24_smc.xls
2024-05-08,2024-05-09,08052024,USD,E.U.A.,36.491343,36.5828,2024-05-08 15:22:00,2_1_2b24_smc.xls,https://www.bcv.org.ve/sites/default/files/EstadisticasGeneral/2_1_2b24_smc.xls
2024-05-09,2024-05-10,09052024,EUR,Zona Euro,39.32777826,39.42634413,2024-05-09 15:12:00,2_1_2b24_smc.xls,https://www.bcv.org.ve/sites/default/files/EstadisticasGeneral/2_1_2b24_smc.xls
2024-05-09,2024-05-10,09052024,USD,E.U.A.,36.49503375,36.5865,2024-05-09 15:12:00,2_1_2b24_smc.xls,https://www.bcv.org.ve/sites/default/files/EstadisticasGeneral/2_1_2b24_smc.xls
2024-05-10,2024-05-14,10052024,EUR,Zona Euro,39.3279487,39.42651499,2024-05-10 15:15:00,2_1_2b24_smc.xls,https://www.bcv.org.ve/sites/default/files/EstadisticasGeneral/2_1_2b24_smc.xls
2024-05-10,2024-05-14,10052024,USD,E.U.A.,36.51857475,36.6101,2024-05-10 15:15:00,2_1_2b24_smc.xls,https://www.bcv.org.ve/sites/default/files/EstadisticasGeneral/2_1_2b24_smc.xls
2024-05-14,2024-05-15,14052024,EUR,Zona Euro,39.49158211,39.59055851,2024-05-14 15:24:00,2_1_2b24_smc.xls,https://www.bcv.org.ve/sites/default/files/EstadisticasGeneral/2_1_2b24_smc.xls
2024-05-14,2024-05-15,14052024,USD,E.U.A.,36.50341275,36.5949,2024-05-14 15:24:00,2_1_2b24_smc.xls,https://www.bcv.org.ve/sites/default/files/EstadisticasGeneral/2_1_2b24_smc.xls
2024-05-15,2024-05-16,15052024,EUR,Zona Euro,39.67505353,39.77448976,2024-05-15 15:25:00,2_1_2b24_smc.xls,https://www.bcv.org.ve/sites/default/files/EstadisticasGeneral/2_1_2b24_smc.xls
2024-05-15,2024-05-16,15052024,USD,E.U.A.,36.5126895,36.6042,2024-05-15 15:25:00,2_1_2b24_smc.xls,https://www.bcv.org.ve/sites/default/files/EstadisticasGeneral/2_1_2b24_smc.xls
2024-05-16,2024-05-17,16052024,EUR,Zona Euro,39.71529973,39.81483682,2024-05-16 15:16:00,2_1_2b24_smc.xls,https://www.bcv.org.ve/sites/default/files/EstadisticasGeneral/2_1_2b24_smc.xls
2024-05-16,2024-05-17,16052024,USD,E.U.A.,36.53493375,36.6265,2024-05-16 15:16:00,2_1_2b24_smc.xls,https://www.bcv.org.ve/sites/default/files/EstadisticasGeneral/2_1_2b24_smc.xls
2024-05-17,2024-05-20,17052024,EUR,Zona Euro,39.65843193,39.7578265,2024-05-17 15:12:00,2_1_2b24_smc.xls,https://www.bcv.org.ve/sites/default/files/EstadisticasGeneral/2_1_2b24_smc.xls
2024-05-17,2024-05-20,17052024,USD,E.U.A.,36.48027075,36.5717,2024-05-17 15:12:00,2_1_2b24_smc.xls,https://www.bcv.org.ve/sites/default/files/EstadisticasGeneral/2_1_2b24_smc.xls
2024-05-20,2024-05-21,20052024,EUR,Zona Euro,39.64487574,39.74423633,2024-05-20 15:45:00,2_1_2b24_smc.xls,https://www.bcv.org.ve/sites/default/files/EstadisticasGeneral/2_1_2b24_smc.xls
2024-05-20,2024-05-21,20052024,USD,E.U.A.,36.47887425,36.5703,2024-05-20 15:45:00,2_1_2b24_smc.xls,https://www.bcv.org.ve/sites/default/files/EstadisticasGeneral/2_1_2b24_smc.xls
2024-05-21,2024-05-22,21052024,EUR,Zona Euro,39.60626071,39.70552452,2024-05-21 15:23:00,2_1_2b24_smc.xls,https://www.bcv.org.ve/sites/default/files/EstadisticasGeneral/2_1_2b24_smc.xls
2024-05-21,2024-05-22,21052024,USD,E.U.A.,36.46750275,36.5589,2024-05-21 15:23:00,2_1_2b24_smc.xls,https://www.bcv.org.ve/sites/default/files/EstadisticasGeneral/2_1_2b24_smc.xls
2024-05-22,2024-05-23,22052024,EUR,Zona Euro,39.5110595,39.61008471,2024-05-22 15:41:00,2_1_2b24_smc.xls,https://www.bcv.org.ve/sites/default/files/EstadisticasGeneral/2_1_2b24_smc.xls
2024-05-22,2024-05-23,22052024,USD,E.U.A.,36.455034,36.5464,2024-05-22 15:41:00,2_1_2b24_smc.xls,https://www.bcv.org.ve/sites/default/files/EstadisticasGeneral/2_1_2b24_smc.xls
2024-05-23,2024-05-24,23052024,EUR,Zona Euro,39.44413408,39.54299156,2024-05-23 15:18:00,2_1_2b24_smc.xls,https://www.bcv.org.ve/sites/default/files/EstadisticasGeneral/2_1_2b24_smc.xls
2024-05-23,2024-05-24,23052024,USD,E.U.A.,36.43059525,36.5219,2024-05-23 15:18:00,2_1_2b24_smc.xls,https://www.bcv.org.ve/sites/default/files/EstadisticasGeneral/2_1_2b24_smc.xls
2024-05-24,2024-05-27,24052024,EUR,Zona Euro,39.52182585,39.62087804,2024-05-24 15:09:00,2_1_2b24_smc.xls,https://www.bcv.org.ve/sites/default/files/EstadisticasGeneral/2_1_2b24_smc.xls
2024-05-24,2024-05-27,24052024,USD,E.U.A.,36.42161775,36.5129,2024-05-24 15:09:00,2_1_2b24_smc.xls,https://www.bcv.org.ve/sites/default/files/EstadisticasGeneral/2_1_2b24_smc.xls
2024-05-27,2024-05-28,27052024,EUR,Zona Euro,39.54623787,39.64535125,2024-05-27 15:10:00,2_1_2b24_smc.xls,https://www.bcv.org.ve/sites/default/files/EstadisticasGeneral/2_1_2b24_smc.xls
2024-05-27,2024-05-28,27052024,USD,E.U.A.,36.42062025,36.5119,2024-05-27 15:10:00,2_1_2b24_smc.xls,https://www.bcv.org.ve/sites/default/files/EstadisticasGeneral/2_1_2b24_smc.xls
2024-05-28,2024-05-29,28052024,EUR,Zona Euro,39.60350373,39.70276063,2024-05-28 15:16:00,2_1_2b24_smc.xls,https://www.bcv.org.ve/sites/default/files/EstadisticasGeneral/2_1_2b24_smc.xls
2024-05-28,2024-05-29,28052024,USD,E.U.A.,36.41902425,36.5103,2024-05-28 15:16:00,2_1_2b24_smc.xls,https://www.bcv.org.ve/sites/default/files/EstadisticasGeneral/2_1_2b24_smc.xls
2024-05-29,2024-05-30,29052024,EUR,Zona Euro,39.3898182,39.48853955,2024-05-29 15:20:00,2_1_2b24_smc.xls,https://www.bcv.org.ve/sites/default/files/EstadisticasGeneral/2_1_2b24_smc.xls
2024-05-29,2024-05-30,29052024,USD,E.U.A.,36.4201215,36.5114,2024-05-29 15:20:00,2_1_2b24_smc.xls,https://www.bcv.org.ve/sites/default/files/EstadisticasGeneral/2_1_2b24_smc.xls
2024-05-30,2024-05-31,30052024,EUR,Zona Euro,39.5124114,39.61144,2024-05-30 15:24:00,2_1_2b24_smc.xls,https://www.bcv.org.ve/sites/default/files/EstadisticasGeneral/2_1_2b24_smc.xls
2024-05-30,2024-05-31,30052024,USD,E.U.A.,36.445857,36.5372,2024-05-30 15:24:00,2_1_2b24_smc.xls,https://www.bcv.org.ve/sites/default/files/EstadisticasGeneral/2_1_2b24_smc.xls
2024-05-31,2024-06-04,31052024,EUR,Zona Euro,39.53416468,39.6332478,2024-05-31 16:48:00,2_1_2b24_smc.xls,https://www.bcv.org.ve/sites/default/files/EstadisticasGeneral/2_1_2b24_smc.xls
2024-05-31,2024-06-04,31052024,USD,E.U.A.,36.443064,36.5344,2024-05-31 16:48:00,2_1_2b24_smc.xls,https://www.bcv.org.ve/sites/default/files/EstadisticasGeneral/2_1_2b24_smc.xls
2024-06-04,2024-06-05,04062024,EUR,Zona Euro,39.65371897,39.75310172,2024-06-04 16:10:00,2_1_2b24_smc.xls,https://www.bcv.org.ve/sites/default/files/EstadisticasGeneral/2_1_2b24_smc.xls
2024-06-04,2024-06-05,04062024,USD,E.U.A.,36.449448,36.5408,2024-06-04 16:10:00,2_1_2b24_smc.xls,https://www.bcv.org.ve/sites/default/files/EstadisticasGeneral/2_1_2b24_smc.xls
2024-06-05,2024-06-06,05062024,EUR,Zona Euro,39.60160537,39.70085752,2024-06-05 16:10:00,2_1_2b24_smc.xls,https://www.bcv.org.ve/sites/default/files/EstadisticasGeneral/2_1_2b24_smc.xls
2024-06-05,2024-06-06,05062024,USD,E.U.A.,36.43269,36.524,2024-06-05 16:10:00,2_1_2b24_smc.xls,https://www.bcv.org.ve/sites/default/files/EstadisticasGeneral/2_1_2b24_smc.xls
2024-06-06,2024-06-07,06062024,EUR,Zona Euro,39.58426299,39.68347167,2024-06-06 15:19:00,2_1_2b24_smc.xls,https://www.bcv.org.ve/sites/default/files/EstadisticasGeneral/2_1_2b24_smc.xls
2024-06-06,2024-06-07,06062024,USD,E.U.A.,36.3969795,36.4882,2024-06-06 15:19:00,2_1_2b24_smc.xls,https://www.bcv.org.ve/sites/default/files/EstadisticasGeneral/2_1_2b24_smc.xls
2024-06-07,2024-06-10,07062024,EUR,Zona Euro,39.32652188,39.42508459,2024-06-07 15:12:00,2_1_2b24_smc.xls,https://www.bcv.org.ve/sites/default/files/EstadisticasGeneral/2_1_2b24_smc.xls
2024-06-07,2024-06-10,07062024,USD,E.U.A.,36.38750325,36.4787,2024-06-07 15:12:00,2_1_2b24_smc.xls,https://www.bcv.org.ve/sites/default/files/EstadisticasGeneral/2_1_2b24_smc.xls
2024-06-10,2024-06-11,10062024,EUR,Zona Euro,39.03270666,39.130533,2024-06-10 15:16:00,2_1_2b24_smc.xls,https://www.bcv.org.ve/sites/default/files/EstadisticasGeneral/2_1_2b24_smc.xls
2024-06-10,2024-06-11,10062024,USD,E.U.A.,36.358875,36.45,2024-06-10 15:16:00,2_1_2b24_smc.xls,https://www.bcv.org.ve/sites/default/files/EstadisticasGeneral/2_1_2b24_smc.xls
2024-06-11,2024-06-12,11062024,EUR,Zona Euro,38.98477136,39.08247756,2024-06-11 15:20:00,2_1_2b24_smc.xls,https://www.bcv.org.ve/sites/default/files/EstadisticasGeneral/2_1_2b24_smc.xls
2024-06-11,2024-06-12,11062024,USD,E.U.A.,36.34740375,36.4385,2024-06-11 15:20:00,2_1_2b24_smc.xls,https://www.bcv.org.ve/sites/default/files/EstadisticasGeneral/2_1_2b24_smc.xls
2024-06-12,2024-06-13,12062024,EUR,Zona Euro,39.45559923,39.55448544,2024-06-12 15:12:00,2_1_2b24_smc.xls,https://www.bcv.org.ve/sites/default/files/EstadisticasGeneral/2_1_2b24_smc.xls
2024-06-12,2024-06-13,12062024,USD,E.U.A.,36.35857575,36.4497,2024-06-12 15:12:00,2_1_2b24_smc.xls,https://www.bcv.org.ve/sites/default/files/EstadisticasGeneral/2_1_2b24_smc.xls
2024-06-13,2024-06-14,13062024,EUR,Zona Euro,39.12460078,39.22265743,2024-06-13 15:17:00,2_1_2b24_smc.xls,https://www.bcv.org.ve/sites/default/files/EstadisticasGeneral/2_1_2b24_smc.xls
2024-06-13,2024-06-14,13062024,USD,E.U.A.,36.338526,36.4296,2024-06-13 15:17:00,2_1_2b24_smc.xls,https://www.bcv.org.ve/sites/default/files/EstadisticasGeneral/2_1_2b24_smc.xls
2024-06-14,2024-06-18,14062024,EUR,Zona Euro,38.85670062,38.95408584,2024-06-14 15:15:00,2_1_2b24_smc.xls,https://www.bcv.org.ve/sites/default/files/EstadisticasGeneral/2_1_2b24_smc.xls
2024-06-14,2024-06-18,14062024,USD,E.U.A.,36.326556,36.4176,2024-06-14 15:15:00,2_1_2b24_smc.xls,https://www.bcv.org.ve/sites/default/files/EstadisticasGeneral/2_1_2b24_smc.xls
2024-06-18,2024-06-19,18062024,EUR,Zona Euro,38.98896794,39.08668466,2024-06-18 15:12:00,2_1_2b24_smc.xls,https://www.bcv.org.ve/sites/default/files/EstadisticasGeneral/2_1_2b24_smc.xls
2024-06-18,2024-06-19,18062024,USD,E.U.A.,36.30291525,36.3939,2024-06-18 15:12:00,2_1_2b24_smc.xls,https://www.bcv.org.ve/sites/default/files/EstadisticasGeneral/2_1_2b24_smc.xls
2024-06-19,2024-06-20,19062024,EUR,Zona Euro,38.99590684,39.09364095,2024-06-19 15:10:00,2_1_2b24_smc.xls,https://www.bcv.org.ve/sites/default/files/EstadisticasGeneral/2_1_2b24_smc.xls
2024-06-19,2024-06-20,19062024,USD,E.U.A.,36.29214225,36.3831,2024-06-19 15:10:00,2_1_2b24_smc.xls,https://www.bcv.org.ve/sites/default/files/EstadisticasGeneral/2_1_2b24_smc.xls
2024-06-20,2024-06-21,20062024,EUR,Zona Euro,38.91048309,39.0080031,2024-06-20 15:14:00,2_1_2b24_smc.xls,https://www.bcv.org.ve/sites/default/files/EstadisticasGeneral/2_1_2b24_smc.xls
2024-06-20,2024-06-21,20062024,USD,E.U.A.,36.28795275,36.3789,2024-06-20 15:14:00,2_1_2b24_smc.xls,https://www.bcv.org.ve/sites/default/files/EstadisticasGeneral/2_1_2b24_smc.xls
2024-06-21,2024-06-25,21062024,EUR,Zona Euro,38.7737497,38.87092702,2024-06-21 15:12:00,2_1_2b24_smc.xls,https://www.bcv.org.ve/sites/default/files/EstadisticasGeneral/2_1_2b24_smc.xls
2024-06-21,2024-06-25,21062024,USD,E.U.A.,36.28156875,36.3725,2024-06-21 15:12:00,2_1_2b24_smc.xls,https://www.bcv.org.ve/sites/default/files/EstadisticasGeneral/2_1_2b24_smc.xls
2024-06-25,2024-06-26,25062024,EUR,Zona Euro,38.84065048,38.93799547,2024-06-25 15:11:00,2_1_2b24_smc.xls,https://www.bcv.org.ve/sites/default/files/EstadisticasGeneral/2_1_2b24_smc.xls
2024-06-25,2024-06-26,25062024,USD,E.U.A.,36.27458625,36.3655,2024-06-25 15:11:00,2_1_2b24_smc.xls,https://www.bcv.org.ve/sites/default/files/EstadisticasGeneral/2_1_2b24_smc.xls
2024-06-26,2024-06-27,26062024,EUR,Zona Euro,38.81286684,38.9101422,2024-06-26 15:15:00,2_1_2b24_smc.xls,https://www.bcv.org.ve/sites/default/files/EstadisticasGeneral/2_1_2b24_smc.xls
2024-06-26,2024-06-27,26062024,USD,E.U.A.,36.29134425,36.3823,2024-06-26 15:15:00,2_1_2b24_smc.xls,https://www.bcv.org.ve/sites/default/files/EstadisticasGeneral/2_1_2b24_smc.xls
2024-06-27,2024-06-28,27062024,EUR,Zona Euro,38.91998927,39.01753311,2024-06-27 15:20:00,2_1_2b24_smc.xls,https://www.bcv.org.ve/sites/default/files/EstadisticasGeneral/2_1_2b24_smc.xls
2024-06-27,2024-06-28,27062024,USD,E.U.A.,36.31747875,36.4085,2024-06-27 15:20:00,2_1_2b24_smc.xls,https://www.bcv.org.ve/sites/default/files/EstadisticasGeneral/2_1_2b24_smc.xls
2024-06-28,2024-07-01,28062024,EUR,Zona Euro,38.94283941,39.04044051,2024-06-28 15:15:00,2_1_2b24_smc.xls,https://www.bcv.org.ve/sites/default/files/EstadisticasGeneral/2_1_2b24_smc.xls
2024-06-28,2024-07-01,28062024,USD,E.U.A.,36.3550845,36.4462,2024-06-28 15:15:00,2_1_2b24_smc.xls,https://www.bcv.org.ve/sites/default/files/EstadisticasGeneral/2_1_2b24_smc.xls
2024-07-01,2024-07-02,01072024,EUR,Zona Euro,38.9901676,39.08788732,2024-07-01 15:40:00,2_1_2c24_smc.xls,https://www.bcv.org.ve/sites/default/files/EstadisticasGeneral/2_1_2c24_smc.xls
2024-07-01,2024-07-02,01072024,USD,E.U.A.,36.36396225,36.4551,2024-07-01 15:40:00,2_1_2c24_smc.xls,https://www.bcv.org.ve/sites/default/files/EstadisticasGeneral/2_1_2c24_smc.xls
2024-07-02,2024-07-03,02072024,EUR,Zona Euro,39.05803683,39.15592665,2024-07-02 15:19:00,2_1_2c24_smc.xls,https://www.bcv.org.ve/sites/default/files/EstadisticasGeneral/2_1_2c24_smc.xls
2024-07-02,2024-07-03,02072024,USD,E.U.A.,36.376032,36.4672,2024-07-02 15:19:00,2_1_2c24_smc.xls,https://www.bcv.org.ve/sites/default/files/EstadisticasGeneral/2_1_2c24_smc.xls
2024-07-03,2024-07-04,03072024,EUR,Zona Euro,39.31983756,39.41838351,2024-07-03 15:19:00,2_1_2c24_smc.xls,https://www.bcv.org.ve/sites/default/files/EstadisticasGeneral/2_1_2c24_smc.xls
2024-07-03,2024-07-04,03072024,USD,E.U.A.,36.38670525,36.4779,2024-07-03 15:19:00,2_1_2c24_smc.xls,https://www.bcv.org.ve/sites/default/files/EstadisticasGeneral/2_1_2c24_smc.xls
2024-07-04,2024-07-08,04072024,EUR,Zona Euro,39.38496179,39.48367097,2024-07-04 15:26:00,2_1_2c24_smc.xls,https://www.bcv.org.ve/sites/default/files/EstadisticasGeneral/2_1_2c24_smc.xls
2024-07-04,2024-07-08,04072024,USD,E.U.A.,36.42101925,36.5123,2024-07-04 15:26:00,2_1_2c24_smc.xls,https://www.bcv.org.ve/sites/default/files/EstadisticasGeneral/2_1_2c24_smc.xls
2024-07-08,2024-07-09,08072024,EUR,Zona Euro,39.42913227,39.52795215,2024-07-08 15:12:00,2_1_2c24_smc.xls,https://www.bcv.org.ve/sites/default/files/EstadisticasGeneral/2_1_2c24_smc.xls
2024-07-08,2024-07-09,08072024,USD,E.U.A.,36.397578,36.4888,2024-07-08 15:12:00,2_1_2c24_smc.xls,https://www.bcv.org.ve/sites/default/files/EstadisticasGeneral/2_1_2c24_smc.xls
2024-07-09,2024-07-10,09072024,EUR,Zona Euro,39.39120796,39.4899328,2024-07-09 15:14:00,2_1_2c24_smc.xls,https://www.bcv.org.ve/sites/default/files/EstadisticasGeneral/2_1_2c24_smc.xls
2024-07-09,2024-07-10,09072024,USD,E.U.A.,36.414336,36.5056,2024-07-09 15:14:00,2_1_2c24_smc.xls,https://www.bcv.org.ve/sites/default/files/EstadisticasGeneral/2_1_2c24_smc.xls
2024-07-10,2024-07-11,10072024,EUR,Zona Euro,39.42439156,39.52319956,2024-07-10 15:12:00,2_1_2c24_smc.xls,https://www.bcv.org.ve/sites/default/files/EstadisticasGeneral/2_1_2c24_smc.xls
2024-07-10,2024-07-11,10072024,USD,E.U.A.,36.4221165,36.5134,2024-07-10 15:12:00,2_1_2c24_smc.xls,https://www.bcv.org.ve/sites/default/files/EstadisticasGeneral/2_1_2c24_smc.xls
2024-07-11,2024-07-12,11072024,EUR,Zona Euro,39.60697867,39.70624428,2024-07-11 15:11:00,2_1_2c24_smc.xls,https://www.bcv.org.ve/sites/default/files/EstadisticasGeneral/2_1_2c24_smc.xls
2024-07-11,2024-07-12,11072024,USD,E.U.A.,36.43897425,36.5303,2024-07-11 15:11:00,2_1_2c24_smc.xls,https://www.bcv.org.ve/sites/default/files/EstadisticasGeneral/2_1_2c24_smc.xls
2024-07-12,2024-07-15,12072024,EUR,Zona Euro,39.73891869,39.83851498,2024-07-12 15:12:00,2_1_2c24_smc.xls,https://www.bcv.org.ve/sites/default/files/EstadisticasGeneral/2_1_2c24_smc.xls
2024-07-12,2024-07-15,12072024,USD,E.U.A.,36.43298925,36.5243,2024-07-12 15:12:00,2_1_2c24_smc.xls,https://www.bcv.org.ve/sites/default/files/EstadisticasGeneral/2_1_2c24_smc.xls
2024-07-15,2024-07-16,15072024,EUR,Zona Euro,39.75915479,39.8588018,2024-07-15 15:29:00,2_1_2c24_smc.xls,https://www.bcv.org.ve/sites/default/files/EstadisticasGeneral/2_1_2c24_smc.xls
2024-07-15,2024-07-16,15072024,USD,E.U.A.,36.409149,36.5004,2024-07-15 15:29:00,2_1_2c24_smc.xls,https://www.bcv.org.ve/sites/default/files/EstadisticasGeneral/2_1_2c24_smc.xls
2024-07-16,2024-07-17,16072024,EUR,Zona Euro,39.62578633,39.72509908,2024-07-16 15:20:00,2_1_2c24_smc.xls,https://www.bcv.org.ve/sites/default/files/EstadisticasGeneral/2_1_2c24_smc.xls
2024-07-16,2024-07-17,16072024,USD,E.U.A.,36.414735,36.506,2024-07-16 15:20:00,2_1_2c24_smc.xls,https://www.bcv.org.ve/sites/default/files/EstadisticasGeneral/2_1_2c24_smc.xls
2024-07-17,2024-07-18,17072024,EUR,Zona Euro,39.86064275,39.96054411,2024-07-17 15:30:00,2_1_2c24_smc.xls,https://www.bcv.org.ve/sites/default/files/EstadisticasGeneral/2_1_2c24_smc.xls
2024-07-17,2024-07-18,17072024,USD,E.U.A.,36.44934825,36.5407,2024-07-17 15:30:00,2_1_2c24_smc.xls,https://www.bcv.org.ve/sites/default/files/EstadisticasGeneral/2_1_2c24_smc.xls
2024-07-18,2024-07-19,18072024,EUR,Zona Euro,39.8018316,39.90158557,2024-07-18 15:09:00,2_1_2c24_smc.xls,https://www.bcv.org.ve/sites/default/files/EstadisticasGeneral/2_1_2c24_smc.xls
2024-07-18,2024-07-19,18072024,USD,E.U.A.,36.480969,36.5724,2024-07-18 15:09:00,2_1_2c24_smc.xls,https://www.bcv.org.ve/sites/default/files/EstadisticasGeneral/2_1_2c24_smc.xls
2024-07-19,2024-07-22,19072024,EUR,Zona Euro,39.75652746,39.85616788,2024-07-19 15:21:00,2_1_2c24_smc.xls,https://www.bcv.org.ve/sites/default/files/EstadisticasGeneral/2_1_2c24_smc.xls
2024-07-19,2024-07-22,19072024,USD,E.U.A.,36.5150835,36.6066,2024-07-19 15:21:00,2_1_2c24_smc.xls,https://www.bcv.org.ve/sites/default/files/EstadisticasGeneral/2_1_2c24_smc.xls
2024-07-22,2024-07-23,22072024,EUR,Zona Euro,39.65882301,39.75821856,2024-07-22 15:14:00,2_1_2c24_smc.xls,https://www.bcv.org.ve/sites/default/files/EstadisticasGeneral/2_1_2c24_smc.xls
2024-07-22,2024-07-23,22072024,USD,E.U.A.,36.4400715,36.5314,2024-07-22 15:14:00,2_1_2c24_smc.xls,https://www.bcv.org.ve/sites/default/files/EstadisticasGeneral/2_1_2c24_smc.xls
2024-07-23,2024-07-25,23072024,EUR,Zona Euro,39.56552533,39.66468705,2024-07-23 15:28:00,2_1_2c24_smc.xls,https://www.bcv.org.ve/sites/default/files/EstadisticasGeneral/2_1_2c24_smc.xls
2024-07-23,2024-07-25,23072024,USD,E.U.A.,36.4676025,36.559,2024-07-23 15:28:00,2_1_2c24_smc.xls,https://www.bcv.org.ve/sites/default/files/EstadisticasGeneral/2_1_2c24_smc.xls
2024-07-25,2024-07-26,25072024,EUR,Zona Euro,39.62113195,39.72043304,2024-07-25 15:11:00,2_1_2c24_smc.xls,https://www.bcv.org.ve/sites/default/files/EstadisticasGeneral/2_1_2c24_smc.xls
2024-07-25,2024-07-26,25072024,USD,E.U.A.,36.48825075,36.5797,2024-07-25 15:11:00,2_1_2c24_smc.xls,https://www.bcv.org.ve/sites/default/files/EstadisticasGeneral/2_1_2c24_smc.xls
2024-07-26,2024-07-29,26072024,EUR,Zona Euro,39.64675317,39.74611847,2024-07-26 15:26:00,2_1_2c24_smc.xls,https://www.bcv.org.ve/sites/default/files/EstadisticasGeneral/2_1_2c24_smc.xls
2024-07-26,2024-07-29,26072024,USD,E.U.A.,36.5158815,36.6074,2024-07-26 15:26:00,2_1_2c24_smc.xls,https://www.bcv.org.ve/sites/default/files/EstadisticasGeneral/2_1_2c24_smc.xls
2024-07-29,2024-07-30,29072024,EUR,Zona Euro,39.52432659,39.62338506,2024-07-29 15:09:00,2_1_2c24_smc.xls,https://www.bcv.org.ve/sites/default/files/EstadisticasGeneral/2_1_2c24_smc.xls
2024-07-29,2024-07-30,29072024,USD,E.U.A.,36.5174775,36.609,2024-07-29 15:09:00,2_1_2c24_smc.xls,https://www.bcv.org.ve/sites/default/files/EstadisticasGeneral/2_1_2c24_smc.xls
2024-07-30,2024-07-31,30072024,EUR,Zona Euro,39.45538667,39.55427235,2024-07-30 15:41:00,2_1_2c24_smc.xls,https://www.bcv.org.ve/sites/default/files/EstadisticasGeneral/2_1_2c24_smc.xls
2024-07-30,2024-07-31,30072024,USD,E.U.A.,36.521268,36.6128,2024-07-30 15:41:00,2_1_2c24_smc.xls,https://www.bcv.org.ve/sites/default/files/EstadisticasGeneral/2_1_2c24_smc.xls
2024-07-31,2024-08-01,31072024,EUR,Zona Euro,39.55872585,39.65787052,2024-07-31 15:14:00,2_1_2c24_smc.xls,https://www.bcv.org.ve/sites/default/files/EstadisticasGeneral/2_1_2c24_smc.xls
2024-07-31,2024-08-01,31072024,USD,E.U.A.,36.545208,36.6368,2024-07-31 15:14:00,2_1_2c24_smc.xls,https://www.bcv.org.ve/sites/default/files/EstadisticasGeneral/2_1_2c24_smc.xls
2024-08-01,2024-08-02,01082024,EUR,Zona Euro,39.4279649,39.52678185,2024-08-01 15:09:00,2_1_2c24_smc.xls,https://www.bcv.org.ve/sites/default/files/EstadisticasGeneral/2_1_2c24_smc.xls
2024-08-01,2024-08-02,01082024,USD,E.U.A.,36.55069425,36.6423,2024-08-01 15:09:00,2_1_2c24_smc.xls,https://www.bcv.org.ve/sites/default/files/EstadisticasGeneral/2_1_2c24_smc.xls
2024-08-02,2024-08-05,02082024,EUR,Zona Euro,39.92554265,40.02560667,2024-08-02 15:12:00,2_1_2c24_smc.xls,https://www.bcv.org.ve/sites/default/files/EstadisticasGeneral/2_1_2c24_smc.xls
2024-08-02,2024-08-05,02082024,USD,E.U.A.,36.56386125,36.6555,2024-08-02 15:12:00,2_1_2c24_smc.xls,https://www.bcv.org.ve/sites/default/files/EstadisticasGeneral/2_1_2c24_smc.xls
2024-08-05,2024-08-06,05082024,EUR,Zona Euro,40.11114797,40.21167717,2024-08-05 15:10:00,2_1_2c24_smc.xls,https://www.bcv.org.ve/sites/default/files/EstadisticasGeneral/2_1_2c24_smc.xls
2024-08-05,2024-08-06,05082024,USD,E.U.A.,36.56106825,36.6527,2024-08-05 15:10:00,2_1_2c24_smc.xls,https://www.bcv.org.ve/sites/default/files/EstadisticasGeneral/2_1_2c24_smc.xls
2024-08-06,2024-08-07,06082024,EUR,Zona Euro,39.97780865,40.07800366,2024-08-06 15:11:00,2_1_2c24_smc.xls,https://www.bcv.org.ve/sites/default/files/EstadisticasGeneral/2_1_2c24_smc.xls
2024-08-06,2024-08-07,06082024,USD,E.U.A.,36.5725395,36.6642,2024-08-06 15:11:00,2_1_2c24_smc.xls,https://www.bcv.org.ve/sites/default/files/EstadisticasGeneral/2_1_2c24_smc.xls
2024-08-07,2024-08-08,07082024,EUR,Zona Euro,40.01069228,40.11096971,2024-08-07 15:12:00,2_1_2c24_smc.xls,https://www.bcv.org.ve/sites/default/files/EstadisticasGeneral/2_1_2c24_smc.xls
2024-08-07,2024-08-08,07082024,USD,E.U.A.,36.5888985,36.6806,2024-08-07 15:12:00,2_1_2c24_smc.xls,https://www.bcv.org.ve/sites/default/files/EstadisticasGeneral/2_1_2c24_smc.xls
2024-08-08,2024-08-09,08082024,EUR,Zona Euro,39.88308491,39.98304251,2024-08-08 15:10:00,2_1_2c24_smc.xls,https://www.bcv.org.ve/sites/default/files/EstadisticasGeneral/2_1_2c24_smc.xls
2024-08-08,2024-08-09,08082024,USD,E.U.A.,36.59099325,36.6827,2024-08-08 15:10:00,2_1_2c24_smc.xls,https://www.bcv.org.ve/sites/default/files/EstadisticasGeneral/2_1_2c24_smc.xls
2024-08-09,2024-08-12,09082024,EUR,Zona Euro,39.95358562,40.05371992,2024-08-09 15:44:00,2_1_2c24_smc.xls,https://www.bcv.org.ve/sites/default/files/EstadisticasGeneral/2_1_2c24_smc.xls
2024-08-09,2024-08-12,09082024,USD,E.U.A.,36.5741355,36.6658,2024-08-09 15:44:00,2_1_2c24_smc.xls,https://www.bcv.org.ve/sites/default/files/EstadisticasGeneral/2_1_2c24_smc.xls
2024-08-12,2024-08-13,12082024,EUR,Zona Euro,39.95421695,40.05435283,2024-08-12 15:18:00,2_1_2c24_smc.xls,https://www.bcv.org.ve/sites/default/files/EstadisticasGeneral/2_1_2c24_smc.xls
2024-08-12,2024-08-13,12082024,USD,E.U.A.,36.53892375,36.6305,2024-08-12 15:18:00,2_1_2c24_smc.xls,https://www.bcv.org.ve/sites/default/files/EstadisticasGeneral/2_1_2c24_smc.xls
2024-08-13,2024-08-14,13082024,EUR,Zona Euro,40.05819387,40.15859035,2024-08-13 15:55:00,2_1_2c24_smc.xls,https://www.bcv.org.ve/sites/default/files/EstadisticasGeneral/2_1_2c24_smc.xls
2024-08-13,2024-08-14,13082024,USD,E.U.A.,36.56445975,36.6561,2024-08-13 15:55:00,2_1_2c24_smc.xls,https://www.bcv.org.ve/sites/default/files/EstadisticasGeneral/2_1_2c24_smc.xls
2024-08-14,2024-08-15,14082024,EUR,Zona Euro,40.26952046,40.37044658,2024-08-14 15:30:00,2_1_2c24_smc.xls,https://www.bcv.org.ve/sites/default/files/EstadisticasGeneral/2_1_2c24_smc.xls
2024-08-14,2024-08-15,14082024,USD,E.U.A.,36.521667,36.6132,2024-08-14 15:30:00,2_1_2c24_smc.xls,https://www.bcv.org.ve/sites/default/files/EstadisticasGeneral/2_1_2c24_smc.xls
2024-08-15,2024-08-16,15082024,EUR,Zona Euro,40.19239964,40.29313248,2024-08-15 15:28:00,2_1_2c24_smc.xls,https://www.bcv.org.ve/sites/default/files/EstadisticasGeneral/2_1_2c24_smc.xls
2024-08-15,2024-08-16,15082024,USD,E.U.A.,36.585108,36.6768,2024-08-15 15:28:00,2_1_2c24_smc.xls,https://www.bcv.org.ve/sites/default/files/EstadisticasGeneral/2_1_2c24_smc.xls
2024-08-16,2024-08-20,16082024,EUR,Zona Euro,40.23044094,40.33126912,2024-08-16 15:17:00,2_1_2c24_smc.xls,https://www.bcv.org.ve/sites/default/files/EstadisticasGeneral/2_1_2c24_smc.xls
2024-08-16,2024-08-20,16082024,USD,E.U.A.,36.593088,36.6848,2024-08-16 15:17:00,2_1_2c24_smc.xls,https://www.bcv.org.ve/sites/default/files/EstadisticasGeneral/2_1_2c24_smc.xls
2024-08-20,2024-08-21,20082024,EUR,Zona Euro,40.63280075,40.73463735,2024-08-20 15:18:00,2_1_2c24_smc.xls,https://www.bcv.org.ve/sites/default/files/EstadisticasGeneral/2_1_2c24_smc.xls
2024-08-20,2024-08-21,20082024,USD,E.U.A.,36.5912925,36.683,2024-08-20 15:18:00,2_1_2c24_smc.xls,https://www.bcv.org.ve/sites/default/files/EstadisticasGeneral/2_1_2c24_smc.xls
2024-08-21,2024-08-22,21082024,EUR,Zona Euro,40.67855583,40.7805071,2024-08-21 15:17:00,2_1_2c24_smc.xls,https://www.bcv.org.ve/sites/default/files/EstadisticasGeneral/2_1_2c24_smc.xls
2024-08-21,2024-08-22,21082024,USD,E.U.A.,36.556779,36.6484,2024-08-21 15:17:00,2_1_2c24_smc.xls,https://www.bcv.org.ve/sites/default/files/EstadisticasGeneral/2_1_2c24_smc.xls
2024-08-22,2024-08-23,22082024,EUR,Zona Euro,40.66518021,40.76709796,2024-08-22 15:55:00,2_1_2c24_smc.xls,https://www.bcv.org.ve/sites/default/files/EstadisticasGeneral/2_1_2c24_smc.xls
2024-08-22,2024-08-23,22082024,USD,E.U.A.,36.60495825,36.6967,2024-08-22 15:55:00,2_1_2c24_smc.xls,https://www.bcv.org.ve/sites/default/files/EstadisticasGeneral/2_1_2c24_smc.xls
2024-08-23,2024-08-26,23082024,EUR,Zona Euro,40.84561965,40.94798963,2024-08-23 15:41:00,2_1_2c24_smc.xls,https://www.bcv.org.ve/sites/default/files/EstadisticasGeneral/2_1_2c24_smc.xls
2024-08-23,2024-08-26,23082024,USD,E.U.A.,36.497328,36.5888,2024-08-23 15:41:00,2_1_2c24_smc.xls,https://www.bcv.org.ve/sites/default/files/EstadisticasGeneral/2_1_2c24_smc.xls
2024-08-26,2024-08-27,26082024,EUR,Zona Euro,40.73618533,40.83828103,2024-08-26 15:30:00,2_1_2c24_smc.xls,https://www.bcv.org.ve/sites/default/files/EstadisticasGeneral/2_1_2c24_smc.xls
2024-08-26,2024-08-27,26082024,USD,E.U.A.,36.47189175,36.5633,2024-08-26 15:30:00,2_1_2c24_smc.xls,https://www.bcv.org.ve/sites/default/files/EstadisticasGeneral/2_1_2c24_smc.xls
2024-08-27,2024-08-28,27082024,EUR,Zona Euro,40.75418438,40.85632519,2024-08-27 15:22:00,2_1_2c24_smc.xls,https://www.bcv.org.ve/sites/default/files/EstadisticasGeneral/2_1_2c24_smc.xls
2024-08-27,2024-08-28,27082024,USD,E.U.A.,36.49682925,36.5883,2024-08-27 15:22:00,2_1_2c24_smc.xls,https://www.bcv.org.ve/sites/default/files/EstadisticasGeneral/2_1_2c24_smc.xls
2024-08-28,2024-08-29,28082024,EUR,Zona Euro,40.64394795,40.74581248,2024-08-28 15:13:00,2_1_2c24_smc.xls,https://www.bcv.org.ve/sites/default/files/EstadisticasGeneral/2_1_2c24_smc.xls
2024-08-28,2024-08-29,28082024,USD,E.U.A.,36.50042025,36.5919,2024-08-28 15:13:00,2_1_2c24_smc.xls,https://www.bcv.org.ve/sites/default/files/EstadisticasGeneral/2_1_2c24_smc.xls
2024-08-29,2024-08-30,29082024,EUR,Zona Euro,40.44862392,40.54999892,2024-08-29 15:12:00,2_1_2c24_smc.xls,https://www.bcv.org.ve/sites/default/files/EstadisticasGeneral/2_1_2c24_smc.xls
2024-08-29,2024-08-30,29082024,USD,E.U.A.,36.53433525,36.6259,2024-08-29 15:12:00,2_1_2c24_smc.xls,https://www.bcv.org.ve/sites/default/files/EstadisticasGeneral/2_1_2c24_smc.xls
2024-08-30,2024-09-02,30082024,EUR,Zona Euro,40.46394504,40.56535843,2024-08-30 15:11:00,2_1_2c24_smc.xls,https://www.bcv.org.ve/sites/default/files/EstadisticasGeneral/2_1_2c24_smc.xls
2024-08-30,2024-09-02,30082024,USD,E.U.A.,36.5537865,36.6454,2024-08-30 15:11:00,2_1_2c24_smc.xls,https://www.bcv.org.ve/sites/default/files/EstadisticasGeneral/2_1_2c24_smc.xls
2024-09-02,2024-09-03,02092024,EUR,Zona Euro,40.44181766,40.5431756,2024-09-02 16:10:00,2_1_2c24_smc.xls,https://www.bcv.org.ve/sites/default/files/EstadisticasGeneral/2_1_2c24_smc.xls
2024-09-02,2024-09-03,02092024,USD,E.U.A.,36.5470035,36.6386,2024-09-02 16:10:00,2_1_2c24_smc.xls,https://www.bcv.org.ve/sites/default/files/EstadisticasGeneral/2_1_2c24_smc.xls
2024-09-03,2024-09-04,03092024,EUR,Zona Euro,40.35611745,40.45726061,2024-09-03 15:14:00,2_1_2c24_smc.xls,https://www.bcv.org.ve/sites/default/files/EstadisticasGeneral/2_1_2c24_smc.xls
2024-09-03,2024-09-04,03092024,USD,E.U.A.,36.54750225,36.6391,2024-09-03 15:14:00,2_1_2c24_smc.xls,https://www.bcv.org.ve/sites/default/files/EstadisticasGeneral/2_1_2c24_smc.xls
2024-09-04,2024-09-05,04092024,EUR,Zona Euro,40.49960602,40.6011088,2024-09-04 15:28:00,2_1_2c24_smc.xls,https://www.bcv.org.ve/sites/default/files/EstadisticasGeneral/2_1_2c24_smc.xls
2024-09-04,2024-09-05,04092024,USD,E.U.A.,36.551991,36.6436,2024-09-04 15:28:00,2_1_2c24_smc.xls,https://www.bcv.org.ve/sites/default/files/EstadisticasGeneral/2_1_2c24_smc.xls
2024-09-05,2024-09-06,05092024,EUR,Zona Euro,40.54967753,40.65130579,2024-09-05 15:15:00,2_1_2c24_smc.xls,https://www.bcv.org.ve/sites/default/files/EstadisticasGeneral/2_1_2c24_smc.xls
2024-09-05,2024-09-06,05092024,USD,E.U.A.,36.5928885,36.6846,2024-09-05 15:15:00,2_1_2c24_smc.xls,https://www.bcv.org.ve/sites/default/files/EstadisticasGeneral/2_1_2c24_smc.xls
2024-09-06,2024-09-09,06092024,EUR,Zona Euro,40.65649603,40.75839201,2024-09-06 15:22:00,2_1_2c24_smc.xls,https://www.bcv.org.ve/sites/default/files/EstadisticasGeneral/2_1_2c24_smc.xls
2024-09-06,2024-09-09,06092024,USD,E.U.A.,36.6040605,36.6958,2024-09-06 15:22:00,2_1_2c24_smc.xls,https://www.bcv.org.ve/sites/default/files/EstadisticasGeneral/2_1_2c24_smc.xls
2024-09-09,2024-09-10,09092024,EUR,Zona Euro,40.39686833,40.49811362,2024-09-09 15:14:00,2_1_2c24_smc.xls,https://www.bcv.org.ve/sites/default/files/EstadisticasGeneral/2_1_2c24_smc.xls
2024-09-09,2024-09-10,09092024,USD,E.U.A.,36.5936865,36.6854,2024-09-09 15:14:00,2_1_2c24_smc.xls,https://www.bcv.org.ve/sites/default/files/EstadisticasGeneral/2_1_2c24_smc.xls
2024-09-10,2024-09-11,10092024,EUR,Zona Euro,40.35935886,40.46051013,2024-09-10 15:35:00,2_1_2c24_smc.xls,https://www.bcv.org.ve/sites/default/files/EstadisticasGeneral/2_1_2c24_smc.xls
2024-09-10,2024-09-11,10092024,USD,E.U.A.,36.6144345,36.7062,2024-09-10 15:35:00,2_1_2c24_smc.xls,https://www.bcv.org.ve/sites/default/files/EstadisticasGeneral/2_1_2c24_smc.xls
2024-09-11,2024-09-12,11092024,EUR,Zona Euro,40.35141597,40.45254734,2024-09-11 15:12:00,2_1_2c24_smc.xls,https://www.bcv.org.ve/sites/default/files/EstadisticasGeneral/2_1_2c24_smc.xls
2024-09-11,2024-09-12,11092024,USD,E.U.A.,36.64046925,36.7323,2024-09-11 15:12:00,2_1_2c24_smc.xls,https://www.bcv.org.ve/sites/default/files/EstadisticasGeneral/2_1_2c24_smc.xls
2024-09-12,2024-09-13,12092024,EUR,Zona Euro,40.44233426,40.5436935,2024-09-12 15:13:00,2_1_2c24_smc.xls,https://www.bcv.org.ve/sites/default/files/EstadisticasGeneral/2_1_2c24_smc.xls
2024-09-12,2024-09-13,12092024,USD,E.U.A.,36.6491475,36.741,2024-09-12 15:13:00,2_1_2c24_smc.xls,https://www.bcv.org.ve/sites/default/files/EstadisticasGeneral/2_1_2c24_smc.xls
2024-09-13,2024-09-17,13092024,EUR,Zona Euro,40.67612446,40.77806963,2024-09-13 15:30:00,2_1_2c24_smc.xls,https://www.bcv.org.ve/sites/default/files/EstadisticasGeneral/2_1_2c24_smc.xls
2024-09-13,2024-09-17,13092024,USD,E.U.A.,36.68316225,36.7751,2024-09-13 15:30:00,2_1_2c24_smc.xls,https://www.bcv.org.ve/sites/default/files/EstadisticasGeneral/2_1_2c24_smc.xls
2024-09-17,2024-09-18,17092024,EUR,Zona Euro,40.78294019,40.88515308,2024-09-17 15:28:00,2_1_2c24_smc.xls,https://www.bcv.org.ve/sites/default/files/EstadisticasGeneral/2_1_2c24_smc.xls
2024-09-17,2024-09-18,17092024,USD,E.U.A.,36.6782745,36.7702,2024-09-17 15:28:00,2_1_2c24_smc.xls,https://www.bcv.org.ve/sites/default/files/EstadisticasGeneral/2_1_2c24_smc.xls
2024-09-18,2024-09-19,18092024,EUR,Zona Euro,40.78818719,40.89041323,2024-09-18 15:10:00,2_1_2c24_smc.xls,https://www.bcv.org.ve/sites/default/files/EstadisticasGeneral/2_1_2c24_smc.xls
2024-09-18,2024-09-19,18092024,USD,E.U.A.,36.68695275,36.7789,2024-09-18 15:10:00,2_1_2c24_smc.xls,https://www.bcv.org.ve/sites/default/files/EstadisticasGeneral/2_1_2c24_smc.xls
2024-09-19,2024-09-20,19092024,EUR,Zona Euro,40.86552332,40.96794318,2024-09-19 15:12:00,2_1_2c24_smc.xls,https://www.bcv.org.ve/sites/default/files/EstadisticasGeneral/2_1_2c24_smc.xls
2024-09-19,2024-09-20,19092024,USD,E.U.A.,36.70929675,36.8013,2024-09-19 15:12:00,2_1_2c24_smc.xls,https://www.bcv.org.ve/sites/default/files/EstadisticasGeneral/2_1_2c24_smc.xls
2024-09-20,2024-09-23,20092024,EUR,Zona Euro,40.93443155,41.03702412,2024-09-20 15:12:00,2_1_2c24_smc.xls,https://www.bcv.org.ve/sites/default/files/EstadisticasGeneral/2_1_2c24_smc.xls
2024-09-20,2024-09-23,20092024,USD,E.U.A.,36.7309425,36.823,2024-09-20 15:12:00,2_1_2c24_smc.xls,https://www.bcv.org.ve/sites/default/files/EstadisticasGeneral/2_1_2c24_smc.xls
2024-09-23,2024-09-24,23092024,EUR,Zona Euro,40.861991,40.96440201,2024-09-23 15:21:00,2_1_2c24_smc.xls,https://www.bcv.org.ve/sites/default/files/EstadisticasGeneral/2_1_2c24_smc.xls
2024-09-23,2024-09-24,23092024,USD,E.U.A.,36.7209675,36.813,2024-09-23 15:21:00,2_1_2c24_smc.xls,https://www.bcv.org.ve/sites/default/files/EstadisticasGeneral/2_1_2c24_smc.xls
2024-09-24,2024-09-25,24092024,EUR,Zona Euro,40.96533242,41.06800243,2024-09-24 15:08:00,2_1_2c24_smc.xls,https://www.bcv.org.ve/sites/default/files/EstadisticasGeneral/2_1_2c24_smc.xls
2024-09-24,2024-09-25,24092024,USD,E.U.A.,36.71847375,36.8105,2024-09-24 15:08:00,2_1_2c24_smc.xls,https://www.bcv.org.ve/sites/default/files/EstadisticasGeneral/2_1_2c24_smc.xls
2024-09-25,2024-09-26,25092024,EUR,Zona Euro,41.03028704,41.13311984,2024-09-25 15:11:00,2_1_2c24_smc.xls,https://www.bcv.org.ve/sites/default/files/EstadisticasGeneral/2_1_2c24_smc.xls
2024-09-25,2024-09-26,25092024,USD,E.U.A.,36.75857325,36.8507,2024-09-25 15:11:00,2_1_2c24_smc.xls,https://www.bcv.org.ve/sites/default/files/EstadisticasGeneral/2_1_2c24_smc.xls
2024-09-26,2024-09-27,26092024,EUR,Zona Euro,41.07544885,41.17839484,2024-09-26 16:10:00,2_1_2c24_smc.xls,https://www.bcv.org.ve/sites/default/files/EstadisticasGeneral/2_1_2c24_smc.xls
2024-09-26,2024-09-27,26092024,USD,E.U.A.,36.77333625,36.8655,2024-09-26 16:10:00,2_1_2c24_smc.xls,https://www.bcv.org.ve/sites/default/files/EstadisticasGeneral/2_1_2c24_smc.xls
2024-09-27,2024-09-30,27092024,EUR,Zona Euro,41.13046587,41.23354974,2024-09-27 16:15:00,2_1_2c24_smc.xls,https://www.bcv.org.ve/sites/default/files/EstadisticasGeneral/2_1_2c24_smc.xls
2024-09-27,2024-09-30,27092024,USD,E.U.A.,36.8163285,36.9086,2024-09-27 16:15:00,2_1_2c24_smc.xls,https://www.bcv.org.ve/sites/default/files/EstadisticasGeneral/2_1_2c24_smc.xls
2024-09-30,2024-10-01,30092024,EUR,Zona Euro,41.08393536,41.18690262,2024-09-30 15:29:00,2_1_2c24_smc.xls,https://www.bcv.org.ve/sites/default/files/EstadisticasGeneral/2_1_2c24_smc.xls
2024-09-30,2024-10-01,30092024,USD,E.U.A.,36.83039325,36.9227,2024-09-30 15:29:00,2_1_2c24_smc.xls,https://www.bcv.org.ve/sites/default/files/EstadisticasGeneral/2_1_2c24_smc.xls
2024-10-01,2024-10-02,01102024,EUR,Zona Euro,40.74252297,40.84463455,2024-10-01 22:24:00,2_1_2d24_smc.xls,https://www.bcv.org.ve/sites/default/files/EstadisticasGeneral/2_1_2d24_smc.xls
2024-10-01,2024-10-02,01102024,USD,E.U.A.,36.82640325,36.9187,2024-10-01 22:24:00,2_1_2d24_smc.xls,https://www.bcv.org.ve/sites/default/files/EstadisticasGeneral/2_1_2d24_smc.xls
2024-10-02,2024-10-03,02102024,EUR,Zona Euro,40.72443891,40.82650517,2024-10-02 15:17:00,2_1_2d24_smc.xls,https://www.bcv.org.ve/sites/default/files/EstadisticasGeneral/2_1_2d24_smc.xls
2024-10-02,2024-10-03,02102024,USD,E.U.A.,36.888747,36.9812,2024-10-02 15:17:00,2_1_2d24_smc.xls,https://www.bcv.org.ve/sites/default/files/EstadisticasGeneral/2_1_2d24_smc.xls
2024-10-03,2024-10-04,03102024,EUR,Zona Euro,40.63915515,40.74100767,2024-10-03 15:18:00,2_1_2d24_smc.xls,https://www.bcv.org.ve/sites/default/files/EstadisticasGeneral/2_1_2d24_smc.xls
2024-10-03,2024-10-04,03102024,USD,E.U.A.,36.89303625,36.9855,2024-10-03 15:18:00,2_1_2d24_smc.xls,https://www.bcv.org.ve/sites/default/files/EstadisticasGeneral/2_1_2d24_smc.xls
2024-10-04,2024-10-07,04102024,EUR,Zona Euro,40.50268883,40.60419933,2024-10-04 15:37:00,2_1_2d24_smc.xls,https://www.bcv.org.ve/sites/default/files/EstadisticasGeneral/2_1_2d24_smc.xls
2024-10-04,2024-10-07,04102024,USD,E.U.A.,36.9432105,37.0358,2024-10-04 15:37:00,2_1_2d24_smc.xls,https://www.bcv.org.ve/sites/default/files/EstadisticasGeneral/2_1_2d24_smc.xls
2024-10-07,2024-10-08,07102024,EUR,Zona Euro,40.54722624,40.64884836,2024-10-07 15:14:00,2_1_2d24_smc.xls,https://www.bcv.org.ve/sites/default/files/EstadisticasGeneral/2_1_2d24_smc.xls
2024-10-07,2024-10-08,07102024,USD,E.U.A.,36.94710075,37.0397,2024-10-07 15:14:00,2_1_2d24_smc.xls,https://www.bcv.org.ve/sites/default/files/EstadisticasGeneral/2_1_2d24_smc.xls
2024-10-08,2024-10-09,08102024,EUR,Zona Euro,40.56332517,40.66498764,2024-10-08 16:16:00,2_1_2d24_smc.xls,https://www.bcv.org.ve/sites/default/files/EstadisticasGeneral/2_1_2d24_smc.xls
2024-10-08,2024-10-09,08102024,USD,E.U.A.,36.981315,37.074,2024-10-08 16:16:00,2_1_2d24_smc.xls,https://www.bcv.org.ve/sites/default/files/EstadisticasGeneral/2_1_2d24_smc.xls
2024-10-09,2024-10-10,09102024,EUR,Zona Euro,41.00254748,41.10531076,2024-10-09 15:15:00,2_1_2d24_smc.xls,https://www.bcv.org.ve/sites/default/files/EstadisticasGeneral/2_1_2d24_smc.xls
2024-10-09,2024-10-10,09102024,USD,E.U.A.,37.43567625,37.5295,2024-10-09 15:15:00,2_1_2d24_smc.xls,https://www.bcv.org.ve/sites/default/files/EstadisticasGeneral/2_1_2d24_smc.xls
2024-10-10,2024-10-11,10102024,EUR,Zona Euro,41.03113807,41.133973,2024-10-10 15:17:00,2_1_2d24_smc.xls,https://www.bcv.org.ve/sites/default/files/EstadisticasGeneral/2_1_2d24_smc.xls
2024-10-10,2024-10-11,10102024,USD,E.U.A.,37.5560745,37.6502,2024-10-10 15:17:00,2_1_2d24_smc.xls,https://www.bcv.org.ve/sites/default/files/EstadisticasGeneral/2_1_2d24_smc.xls
2024-10-11,2024-10-14,11102024,EUR,Zona Euro,42.46990093,42.57634178,2024-10-11 16:18:00,2_1_2d24_smc.xls,https://www.bcv.org.ve/sites/default/files/EstadisticasGeneral/2_1_2d24_smc.xls
2024-10-11,2024-10-14,11102024,USD,E.U.A.,38.78848575,38.8857,2024-10-11 16:18:00,2_1_2d24_smc.xls,https://www.bcv.org.ve/sites/default/files/EstadisticasGeneral/2_1_2d24_smc.xls
2024-10-14,2024-10-15,14102024,EUR,Zona Euro,42.33082658,42.43691888,2024-10-14 18:09:00,2_1_2d24_smc.xls,https://www.bcv.org.ve/sites/default/files/EstadisticasGeneral/2_1_2d24_smc.xls
2024-10-14,2024-10-15,14102024,USD,E.U.A.,38.79078,38.888,2024-10-14 18:09:00,2_1_2d24_smc.xls,https://www.bcv.org.ve/sites/default/files/EstadisticasGeneral/2_1_2d24_smc.xls
2024-10-15,2024-10-16,15102024,EUR,Zona Euro,42.33619926,42.44230502,2024-10-15 15:50:00,2_1_2d24_smc.xls,https://www.bcv.org.ve/sites/default/files/EstadisticasGeneral/2_1_2d24_smc.xls
2024-10-15,2024-10-16,15102024,USD,E.U.A.,38.82060525,38.9179,2024-10-15 15:50:00,2_1_2d24_smc.xls,https://www.bcv.org.ve/sites/default/files/EstadisticasGeneral/2_1_2d24_smc.xls
2024-10-16,2024-10-17,16102024,EUR,Zona Euro,42.33461784,42.44071964,2024-10-16 16:12:00,2_1_2d24_smc.xls,https://www.bcv.org.ve/sites/default/files/EstadisticasGeneral/2_1_2d24_smc.xls
2024-10-16,2024-10-17,16102024,USD,E.U.A.,38.914071,39.0116,2024-10-16 16:12:00,2_1_2d24_smc.xls,https://www.bcv.org.ve/sites/default/files/EstadisticasGeneral/2_1_2d24_smc.xls
2024-10-17,2024-10-18,17102024,EUR,Zona Euro,42.26918186,42.37511966,2024-10-17 15:14:00,2_1_2d24_smc.xls,https://www.bcv.org.ve/sites/default/files/EstadisticasGeneral/2_1_2d24_smc.xls
2024-10-17,2024-10-18,17102024,USD,E.U.A.,39.036564,39.1344,2024-10-17 15:14:00,2_1_2d24_smc.xls,https://www.bcv.org.ve/sites/default/files/EstadisticasGeneral/2_1_2d24_smc.xls
2024-10-18,2024-10-21,18102024,EUR,Zona Euro,42.42161568,42.52793552,2024-10-18 15:12:00,2_1_2d24_smc.xls,https://www.bcv.org.ve/sites/default/files/EstadisticasGeneral/2_1_2d24_smc.xls
2024-10-18,2024-10-21,18102024,USD,E.U.A.,39.07197525,39.1699,2024-10-18 15:12:00,2_1_2d24_smc.xls,https://www.bcv.org.ve/sites/default/files/EstadisticasGeneral/2_1_2d24_smc.xls
2024-10-21,2024-10-22,21102024,EUR,Zona Euro,42.31163119,42.41767538,2024-10-21 15:21:00,2_1_2d24_smc.xls,https://www.bcv.org.ve/sites/default/files/EstadisticasGeneral/2_1_2d24_smc.xls
2024-10-21,2024-10-22,21102024,USD,E.U.A.,39.08334675,39.1813,2024-10-21 15:21:00,2_1_2d24_smc.xls,https://www.bcv.org.ve/sites/default/files/EstadisticasGeneral/2_1_2d24_smc.xls
2024-10-22,2024-10-23,22102024,EUR,Zona Euro,42.40738404,42.51366822,2024-10-22 15:28:00,2_1_2d24_smc.xls,https://www.bcv.org.ve/sites/default/files/EstadisticasGeneral/2_1_2d24_smc.xls
2024-10-22,2024-10-23,22102024,USD,E.U.A.,39.2246925,39.323,2024-10-22 15:28:00,2_1_2d24_smc.xls,https://www.bcv.org.ve/sites/default/files/EstadisticasGeneral/2_1_2d24_smc.xls
2024-10-23,2024-10-24,23102024,EUR,Zona Euro,42.4306079,42.53695028,2024-10-23 15:47:00,2_1_2d24_smc.xls,https://www.bcv.org.ve/sites/default/files/EstadisticasGeneral/2_1_2d24_smc.xls
2024-10-23,2024-10-24,23102024,USD,E.U.A.,39.36304575,39.4617,2024-10-23 15:47:00,2_1_2d24_smc.xls,https://www.bcv.org.ve/sites/default/files/EstadisticasGeneral/2_1_2d24_smc.xls
2024-10-24,2024-10-25,24102024,EUR,Zona Euro,44.03667716,44.14704477,2024-10-24 14:44:00,2_1_2d24_smc.xls,https://www.bcv.org.ve/sites/default/files/EstadisticasGeneral/2_1_2d24_smc.xls
2024-10-24,2024-10-25,24102024,USD,E.U.A.,40.77809925,40.8803,2024-10-24 14:44:00,2_1_2d24_smc.xls,https://www.bcv.org.ve/sites/default/files/EstadisticasGeneral/2_1_2d24_smc.xls
2024-10-25,2024-10-28,25102024,EUR,Zona Euro,44.31213526,44.42319324,2024-10-25 16:33:00,2_1_2d24_smc.xls,https://www.bcv.org.ve/sites/default/files/EstadisticasGeneral/2_1_2d24_smc.xls
2024-10-25,2024-10-28,25102024,USD,E.U.A.,40.94029275,41.0429,2024-10-25 16:33:00,2_1_2d24_smc.xls,https://www.bcv.org.ve/sites/default/files/EstadisticasGeneral/2_1_2d24_smc.xls
2024-10-28,2024-10-29,28102024,EUR,Zona Euro,45.06554729,45.17849352,2024-10-28 15:40:00,2_1_2d24_smc.xls,https://www.bcv.org.ve/sites/default/files/EstadisticasGeneral/2_1_2d24_smc.xls
2024-10-28,2024-10-29,28102024,USD,E.U.A.,41.63175975,41.7361,2024-10-28 15:40:00,2_1_2d24_smc.xls,https://www.bcv.org.ve/sites/default/files/EstadisticasGeneral/2_1_2d24_smc.xls
2024-10-29,2024-10-30,29102024,EUR,Zona Euro,45.44751884,45.5614224,2024-10-29 15:05:00,2_1_2d24_smc.xls,https://www.bcv.org.ve/sites/default/files/EstadisticasGeneral/2_1_2d24_smc.xls
2024-10-29,2024-10-30,29102024,USD,E.U.A.,42.120036,42.2256,2024-10-29 15:05:00,2_1_2d24_smc.xls,https://www.bcv.org.ve/sites/default/files/EstadisticasGeneral/2_1_2d24_smc.xls
2024-10-30,2024-10-31,30102024,EUR,Zona Euro,46.08279302,46.19828874,2024-10-30 14:40:00,2_1_2d24_smc.xls,https://www.bcv.org.ve/sites/default/files/EstadisticasGeneral/2_1_2d24_smc.xls
2024-10-30,2024-10-31,30102024,USD,E.U.A.,42.4557945,42.5622,2024-10-30 14:40:00,2_1_2d24_smc.xls,https://www.bcv.org.ve/sites/default/files/EstadisticasGeneral/2_1_2d24_smc.xls
2024-10-31,2024-11-01,31102024,EUR,Zona Euro,46.25059538,46.36651166,2024-10-31 14:50:00,2_1_2d24_smc.xls,https://www.bcv.org.ve/sites/default/files/EstadisticasGeneral/2_1_2d24_smc.xls
2024-10-31,2024-11-01,31102024,USD,E.U.A.,42.60332475,42.7101,2024-10-31 14:50:00,2_1_2d24_smc.xls,https://www.bcv.org.ve/sites/default/files/EstadisticasGeneral/2_1_2d24_smc.xls
2024-11-01,2024-11-05,01112024,EUR,Zona Euro,46.39887707,46.51516498,2024-11-01 14:50:00,2_1_2d24_smc.xls,https://www.bcv.org.ve/sites/default/files/EstadisticasGeneral/2_1_2d24_smc.xls
2024-11-01,2024-11-05,01112024,USD,E.U.A.,42.74975775,42.8569,2024-11-01 14:50:00,2_1_2d24_smc.xls,https://www.bcv.org.ve/sites/default/files/EstadisticasGeneral/2_1_2d24_smc.xls
2024-11-05,2024-11-06,05112024,EUR,Zona Euro,47.28287375,47.4013772,2024-11-05 14:53:00,2_1_2d24_smc.xls,https://www.bcv.org.ve/sites/default/files/EstadisticasGeneral/2_1_2d24_smc.xls
2024-11-05,2024-11-06,05112024,USD,E.U.A.,43.348956,43.4576,2024-11-05 14:53:00,2_1_2d24_smc.xls,https://www.bcv.org.ve/sites/default/files/EstadisticasGeneral/2_1_2d24_smc.xls
2024-11-06,2024-11-07,06112024,EUR,Zona Euro,46.84163884,46.95903643,2024-11-06 14:52:00,2_1_2d24_smc.xls,https://www.bcv.org.ve/sites/default/files/EstadisticasGeneral/2_1_2d24_smc.xls
2024-11-06,2024-11-07,06112024,USD,E.U.A.,43.6727445,43.7822,2024-11-06 14:52:00,2_1_2d24_smc.xls,https://www.bcv.org.ve/sites/default/files/EstadisticasGeneral/2_1_2d24_smc.xls
2024-11-07,2024-11-08,07112024,EUR,Zona Euro,47.68851453,47.80803461,2024-11-07 15:48:00,2_1_2d24_smc.xls,https://www.bcv.org.ve/sites/default/files/EstadisticasGeneral/2_1_2d24_smc.xls
2024-11-07,2024-11-08,07112024,USD,E.U.A.,44.07563475,44.1861,2024-11-07 15:48:00,2_1_2d24_smc.xls,https://www.bcv.org.ve/sites/default/files/EstadisticasGeneral/2_1_2d24_smc.xls
2024-11-08,2024-11-11,08112024,EUR,Zona Euro,47.93523,48.05536843,2024-11-08 15:26:00,2_1_2d24_smc.xls,https://www.bcv.org.ve/sites/default/files/EstadisticasGeneral/2_1_2d24_smc.xls
2024-11-08,2024-11-11,08112024,USD,E.U.A.,44.59174125,44.7035,2024-11-08 15:26:00,2_1_2d24_smc.xls,https://www.bcv.org.ve/sites/default/files/EstadisticasGeneral/2_1_2d24_smc.xls
2024-11-11,2024-11-12,11112024,EUR,Zona Euro,47.50052774,47.61957668,2024-11-11 16:11:00,2_1_2d24_smc.xls,https://www.bcv.org.ve/sites/default/files/EstadisticasGeneral/2_1_2d24_smc.xls
2024-11-11,2024-11-12,11112024,USD,E.U.A.,44.642514,44.7544,2024-11-11 16:11:00,2_1_2d24_smc.xls,https://www.bcv.org.ve/sites/default/files/EstadisticasGeneral/2_1_2d24_smc.xls
2024-11-12,2024-11-13,12112024,EUR,Zona Euro,47.59072391,47.70999891,2024-11-12 14:58:00,2_1_2d24_smc.xls,https://www.bcv.org.ve/sites/default/files/EstadisticasGeneral/2_1_2d24_smc.xls
2024-11-12,2024-11-13,12112024,USD,E.U.A.,44.81657775,44.9289,2024-11-12 14:58:00,2_1_2d24_smc.xls,https://www.bcv.org.ve/sites/default/files/EstadisticasGeneral/2_1_2d24_smc.xls
2024-11-13,2024-11-14,13112024,EUR,Zona Euro,47.48893574,47.60795563,2024-11-13 15:03:00,2_1_2d24_smc.xls,https://www.bcv.org.ve/sites/default/files/EstadisticasGeneral/2_1_2d24_smc.xls
2024-11-13,2024-11-14,13112024,USD,E.U.A.,44.9403675,45.053,2024-11-13 15:03:00,2_1_2d24_smc.xls,https://www.bcv.org.ve/sites/default/files/EstadisticasGeneral/2_1_2d24_smc.xls
2024-11-14,2024-11-15,14112024,EUR,Zona Euro,47.95159508,48.07177452,2024-11-14 14:50:00,2_1_2d24_smc.xls,https://www.bcv.org.ve/sites/default/files/EstadisticasGeneral/2_1_2d24_smc.xls
2024-11-14,2024-11-15,14112024,USD,E.U.A.,45.3932325,45.507,2024-11-14 14:50:00,2_1_2d24_smc.xls,https://www.bcv.org.ve/sites/default/files/EstadisticasGeneral/2_1_2d24_smc.xls
2024-11-15,2024-11-19,15112024,EUR,Zona Euro,48.13634828,48.25699076,2024-11-15 15:18:00,2_1_2d24_smc.xls,https://www.bcv.org.ve/sites/default/files/EstadisticasGeneral/2_1_2d24_smc.xls
2024-11-15,2024-11-19,15112024,USD,E.U.A.,45.6749265,45.7894,2024-11-15 15:18:00,2_1_2d24_smc.xls,https://www.bcv.org.ve/sites/default/files/EstadisticasGeneral/2_1_2d24_smc.xls
2024-11-19,2024-11-20,19112024,EUR,Zona Euro,48.4160242,48.53736762,2024-11-19 15:08:00,2_1_2d24_smc.xls,https://www.bcv.org.ve/sites/default/files/EstadisticasGeneral/2_1_2d24_smc.xls
2024-11-19,2024-11-20,19112024,USD,E.U.A.,45.7263975,45.841,2024-11-19 15:08:00,2_1_2d24_smc.xls,https://www.bcv.org.ve/sites/default/files/EstadisticasGeneral/2_1_2d24_smc.xls
2024-11-20,2024-11-21,20112024,EUR,Zona Euro,48.37499111,48.49623169,2024-11-20 15:09:00,2_1_2d24_smc.xls,https://www.bcv.org.ve/sites/default/files/EstadisticasGeneral/2_1_2d24_smc.xls
2024-11-20,2024-11-21,20112024,USD,E.U.A.,45.943653,46.0588,2024-11-20 15:09:00,2_1_2d24_smc.xls,https://www.bcv.org.ve/sites/default/files/EstadisticasGeneral/2_1_2d24_smc.xls
2024-11-21,2024-11-22,21112024,EUR,Zona Euro,48.62325898,48.74512178,2024-11-21 16:10:00,2_1_2d24_smc.xls,https://www.bcv.org.ve/sites/default/files/EstadisticasGeneral/2_1_2d24_smc.xls
2024-11-21,2024-11-22,21112024,USD,E.U.A.,46.21148175,46.3273,2024-11-21 16:10:00,2_1_2d24_smc.xls,https://www.bcv.org.ve/sites/default/files/EstadisticasGeneral/2_1_2d24_smc.xls
2024-11-22,2024-11-25,22112024,EUR,Zona Euro,48.42201462,48.54337305,2024-11-22 14:43:00,2_1_2d24_smc.xls,https://www.bcv.org.ve/sites/default/files/EstadisticasGeneral/2_1_2d24_smc.xls
2024-11-22,2024-11-25,22112024,USD,E.U.A.,46.501056,46.6176,2024-11-22 14:43:00,2_1_2d24_smc.xls,https://www.bcv.org.ve/sites/default/files/EstadisticasGeneral/2_1_2d24_smc.xls
2024-11-25,2024-11-26,25112024,EUR,Zona Euro,48.81098968,48.93332299,2024-11-25 14:55:00,2_1_2d24_smc.xls,https://www.bcv.org.ve/sites/default/files/EstadisticasGeneral/2_1_2d24_smc.xls
2024-11-25,2024-11-26,25112024,USD,E.U.A.,46.52609325,46.6427,2024-11-25 14:55:00,2_1_2d24_smc.xls,https://www.bcv.org.ve/sites/default/files/EstadisticasGeneral/2_1_2d24_smc.xls
2024-11-26,2024-11-27,26112024,EUR,Zona Euro,48.95466549,49.07735889,2024-11-26 15:13:00,2_1_2d24_smc.xls,https://www.bcv.org.ve/sites/default/files/EstadisticasGeneral/2_1_2d24_smc.xls
2024-11-26,2024-11-27,26112024,USD,E.U.A.,46.63681575,46.7537,2024-11-26 15:13:00,2_1_2d24_smc.xls,https://www.bcv.org.ve/sites/default/files/EstadisticasGeneral/2_1_2d24_smc.xls
2024-11-27,2024-11-28,27112024,EUR,Zona Euro,49.27708386,49.40058532,2024-11-27 15:10:00,2_1_2d24_smc.xls,https://www.bcv.org.ve/sites/default/files/EstadisticasGeneral/2_1_2d24_smc.xls
2024-11-27,2024-11-28,27112024,USD,E.U.A.,46.7382615,46.8554,2024-11-27 15:10:00,2_1_2d24_smc.xls,https://www.bcv.org.ve/sites/default/files/EstadisticasGeneral/2_1_2d24_smc.xls
2024-11-28,2024-11-29,28112024,EUR,Zona Euro,49.7959884,49.92079038,2024-11-28 14:50:00,2_1_2d24_smc.xls,https://www.bcv.org.ve/sites/default/files/EstadisticasGeneral/2_1_2d24_smc.xls
2024-11-28,2024-11-29,28112024,USD,E.U.A.,47.1955155,47.3138,2024-11-28 14:50:00,2_1_2d24_smc.xls,https://www.bcv.org.ve/sites/default/files/EstadisticasGeneral/2_1_2d24_smc.xls
2024-11-29,2024-12-02,29112024,EUR,Zona Euro,50.13823318,50.26389292,2024-11-29 14:47:00,2_1_2d24_smc.xls,https://www.bcv.org.ve/sites/default/files/EstadisticasGeneral/2_1_2d24_smc.xls
2024-11-29,2024-12-02,29112024,USD,E.U.A.,47.4883815,47.6074,2024-11-29 14:47:00,2_1_2d24_smc.xls,https://www.bcv.org.ve/sites/default/files/EstadisticasGeneral/2_1_2d24_smc.xls
2024-12-02,2024-12-03,02122024,EUR,Zona Euro,49.87621164,50.00121468,2024-12-02 15:14:00,2_1_2d24_smc.xls,https://www.bcv.org.ve/sites/default/files/EstadisticasGeneral/2_1_2d24_smc.xls
2024-12-02,2024-12-03,02122024,USD,E.U.A.,47.60997675,47.7293,2024-12-02 15:14:00,2_1_2d24_smc.xls,https://www.bcv.org.ve/sites/default/files/EstadisticasGeneral/2_1_2d24_smc.xls
2024-12-03,2024-12-04,03122024,EUR,Zona Euro,50.20826411,50.33409936,2024-12-03 15:01:00,2_1_2d24_smc.xls,https://www.bcv.org.ve/sites/default/files/EstadisticasGeneral/2_1_2d24_smc.xls
2024-12-03,2024-12-04,03122024,USD,E.U.A.,47.735562,47.8552,2024-12-03 15:01:00,2_1_2d24_smc.xls,https://www.bcv.org.ve/sites/default/files/EstadisticasGeneral/2_1_2d24_smc.xls
2024-12-04,2024-12-05,04122024,EUR,Zona Euro,50.58509667,50.71187637,2024-12-04 15:09:00,2_1_2d24_smc.xls,https://www.bcv.org.ve/sites/default/files/EstadisticasGeneral/2_1_2d24_smc.xls
2024-12-04,2024-12-05,04122024,USD,E.U.A.,47.99800425,48.1183,2024-12-04 15:09:00,2_1_2d24_smc.xls,https://www.bcv.org.ve/sites/default/files/EstadisticasGeneral/2_1_2d24_smc.xls
2024-12-05,2024-12-06,05122024,EUR,Zona Euro,50.88833005,51.01586972,2024-12-05 14:51:00,2_1_2d24_smc.xls,https://www.bcv.org.ve/sites/default/files/EstadisticasGeneral/2_1_2d24_smc.xls
2024-12-05,2024-12-06,05122024,USD,E.U.A.,48.20568375,48.3265,2024-12-05 14:51:00,2_1_2d24_smc.xls,https://www.bcv.org.ve/sites/default/files/EstadisticasGeneral/2_1_2d24_smc.xls
2024-12-06,2024-12-09,06122024,EUR,Zona Euro,51.36308936,51.49181891,2024-12-06 16:15:00,2_1_2d24_smc.xls,https://www.bcv.org.ve/sites/default/files/EstadisticasGeneral/2_1_2d24_smc.xls
2024-12-06,2024-12-09,06122024,USD,E.U.A.,48.66832425,48.7903,2024-12-06 16:15:00,2_1_2d24_smc.xls,https://www.bcv.org.ve/sites/default/files/EstadisticasGeneral/2_1_2d24_smc.xls
2024-12-09,2024-12-10,09122024,EUR,Zona Euro,51.54054804,51.66972235,2024-12-09 15:37:00,2_1_2d24_smc.xls,https://www.bcv.org.ve/sites/default/files/EstadisticasGeneral/2_1_2d24_smc.xls
2024-12-09,2024-12-10,09122024,USD,E.U.A.,48.74732625,48.8695,2024-12-09 15:37:00,2_1_2d24_smc.xls,https://www.bcv.org.ve/sites/default/files/EstadisticasGeneral/2_1_2d24_smc.xls
2024-12-10,2024-12-11,10122024,EUR,Zona Euro,51.57980449,51.70907719,2024-12-10 15:36:00,2_1_2d24_smc.xls,https://www.bcv.org.ve/sites/default/files/EstadisticasGeneral/2_1_2d24_smc.xls
2024-12-10,2024-12-11,10122024,USD,E.U.A.,48.98832225,49.1111,2024-12-10 15:36:00,2_1_2d24_smc.xls,https://www.bcv.org.ve/sites/default/files/EstadisticasGeneral/2_1_2d24_smc.xls
2024-12-11,2024-12-12,11122024,EUR,Zona Euro,51.84132617,51.9712543,2024-12-11 15:50:00,2_1_2d24_smc.xls,https://www.bcv.org.ve/sites/default/files/EstadisticasGeneral/2_1_2d24_smc.xls
2024-12-11,2024-12-12,11122024,USD,E.U.A.,49.35201075,49.4757,2024-12-11 15:50:00,2_1_2d24_smc.xls,https://www.bcv.org.ve/sites/default/files/EstadisticasGeneral/2_1_2d24_smc.xls
2024-12-12,2024-12-13,12122024,EUR,Zona Euro,52.3482968,52.47949554,2024-12-12 15:58:00,2_1_2d24_smc.xls,https://www.bcv.org.ve/sites/default/files/EstadisticasGeneral/2_1_2d24_smc.xls
2024-12-12,2024-12-13,12122024,USD,E.U.A.,49.782033,49.9068,2024-12-12 15:58:00,2_1_2d24_smc.xls,https://www.bcv.org.ve/sites/default/files/EstadisticasGeneral/2_1_2d24_smc.xls
2024-12-13,2024-12-16,13122024,EUR,Zona Euro,52.63805229,52.76997723,2024-12-13 15:03:00,2_1_2d24_smc.xls,https://www.bcv.org.ve/sites/default/files/EstadisticasGeneral/2_1_2d24_smc.xls
2024-12-13,2024-12-16,13122024,USD,E.U.A.,50.20607025,50.3319,2024-12-13 15:03:00,2_1_2d24_smc.xls,https://www.bcv.org.ve/sites/default/files/EstadisticasGeneral/2_1_2d24_smc.xls
2024-12-16,2024-12-17,16122024,EUR,Zona Euro,52.70004674,52.83212706,2024-12-16 14:53:00,2_1_2d24_smc.xls,https://www.bcv.org.ve/sites/default/files/EstadisticasGeneral/2_1_2d24_smc.xls
2024-12-16,2024-12-17,16122024,USD,E.U.A.,50.2450725,50.371,2024-12-16 14:53:00,2_1_2d24_smc.xls,https://www.bcv.org.ve/sites/default/files/EstadisticasGeneral/2_1_2d24_smc.xls
2024-12-17,2024-12-18,17122024,EUR,Zona Euro,52.90960227,53.04220779,2024-12-17 15:04:00,2_1_2d24_smc.xls,https://www.bcv.org.ve/sites/default/files/EstadisticasGeneral/2_1_2d24_smc.xls
2024-12-17,2024-12-18,17122024,USD,E.U.A.,50.41554525,50.5419,2024-12-17 15:04:00,2_1_2d24_smc.xls,https://www.bcv.org.ve/sites/default/files/EstadisticasGeneral/2_1_2d24_smc.xls
2024-12-18,2024-12-19,18122024,EUR,Zona Euro,53.30646035,53.44006051,2024-12-18 14:47:00,2_1_2d24_smc.xls,https://www.bcv.org.ve/sites/default/files/EstadisticasGeneral/2_1_2d24_smc.xls
2024-12-18,2024-12-19,18122024,USD,E.U.A.,50.82711375,50.9545,2024-12-18 14:47:00,2_1_2d24_smc.xls,https://www.bcv.org.ve/sites/default/files/EstadisticasGeneral/2_1_2d24_smc.xls
2024-12-19,2024-12-20,19122024,EUR,Zona Euro,53.2719294,53.405443,2024-12-19 14:48:00,2_1_2d24_smc.xls,https://www.bcv.org.ve/sites/default/files/EstadisticasGeneral/2_1_2d24_smc.xls
2024-12-19,2024-12-20,19122024,USD,E.U.A.,51.222024,51.3504,2024-12-19 14:48:00,2_1_2d24_smc.xls,https://www.bcv.org.ve/sites/default/files/EstadisticasGeneral/2_1_2d24_smc.xls
2024-12-20,2024-12-23,20122024,EUR,Zona Euro,53.47510016,53.60912297,2024-12-20 14:47:00,2_1_2d24_smc.xls,https://www.bcv.org.ve/sites/default/files/EstadisticasGeneral/2_1_2d24_smc.xls
2024-12-20,2024-12-23,20122024,USD,E.U.A.,51.4109505,51.5398,2024-12-20 14:47:00,2_1_2d24_smc.xls,https://www.bcv.org.ve/sites/default/files/EstadisticasGeneral/2_1_2d24_smc.xls
2024-12-23,2024-12-26,23122024,EUR,Zona Euro,53.53939924,53.6735832,2024-12-23 14:46:00,2_1_2d24_smc.xls,https://www.bcv.org.ve/sites/default/files/EstadisticasGeneral/2_1_2d24_smc.xls
2024-12-23,2024-12-26,23122024,USD,E.U.A.,51.5109,51.64,2024-12-23 14:46:00,2_1_2d24_smc.xls,https://www.bcv.org.ve/sites/default/files/EstadisticasGeneral/2_1_2d24_smc.xls
2024-12-26,2024-12-27,26122024,EUR,Zona Euro,53.72466471,53.85931299,2024-12-26 14:55:00,2_1_2d24_smc.xls,https://www.bcv.org.ve/sites/default/files/EstadisticasGeneral/2_1_2d24_smc.xls
2024-12-26,2024-12-27,26122024,USD,E.U.A.,51.63648525,51.7659,2024-12-26 14:55:00,2_1_2d24_smc.xls,https://www.bcv.org.ve/sites/default/files/EstadisticasGeneral/2_1_2d24_smc.xls
2024-12-27,2024-12-30,27122024,EUR,Zona Euro,53.97165283,54.10692013,2024-12-27 15:04:00,2_1_2d24_smc.xls,https://www.bcv.org.ve/sites/default/files/EstadisticasGeneral/2_1_2d24_smc.xls
2024-12-27,2024-12-30,27122024,USD,E.U.A.,51.80466375,51.9345,2024-12-27 15:04:00,2_1_2d24_smc.xls,https://www.bcv.org.ve/sites/default/files/EstadisticasGeneral/2_1_2d24_smc.xls
2024-12-30,2025-01-02,30122024,EUR,Zona Euro,53.9402184,54.07540692,2024-12-30 15:35:00,2_1_2d24_smc.xls,https://www.bcv.org.ve/sites/default/files/EstadisticasGeneral/2_1_2d24_smc.xls
2024-12-30,2025-01-02,30122024,USD,E.U.A.,51.89703225,52.0271,2024-12-30 15:35:00,2_1_2d24_smc.xls,https://www.bcv.org.ve/sites/default/files/EstadisticasGeneral/2_1_2d24_smc.xls
2025-01-02,2025-01-03,02012025,EUR,Zona Euro,54.03192522,54.16734358,2025-01-02 14:51:00,2_1_2a25_smc.xls,https://www.bcv.org.ve/sites/default/files/EstadisticasGeneral/2_1_2a25_smc.xls
2025-01-02,2025-01-03,02012025,USD,E.U.A.,52.44086925,52.5723,2025-01-02 14:51:00,2_1_2a25_smc.xls,https://www.bcv.org.ve/sites/default/files/EstadisticasGeneral/2_1_2a25_smc.xls
2025-01-03,2025-01-07,03012025,EUR,Zona Euro,54.36485431,54.50110708,2025-01-03 14:37:00,2_1_2a25_smc.xls,https://www.bcv.org.ve/sites/default/files/EstadisticasGeneral/2_1_2a25_smc.xls
2025-01-03,2025-01-07,03012025,USD,E.U.A.,52.87947,53.012,2025-01-03 14:37:00,2_1_2a25_smc.xls,https://www.bcv.org.ve/sites/default/files/EstadisticasGeneral/2_1_2a25_smc.xls
2025-01-07,2025-01-08,07012025,EUR,Zona Euro,54.89483165,55.03241268,2025-01-07 15:02:00,2_1_2a25_smc.xls,https://www.bcv.org.ve/sites/default/files/EstadisticasGeneral/2_1_2a25_smc.xls
2025-01-07,2025-01-08,07012025,USD,E.U.A.,52.937724,53.0704,2025-01-07 15:02:00,2_1_2a25_smc.xls,https://www.bcv.org.ve/sites/default/files/EstadisticasGeneral/2_1_2a25_smc.xls
2025-01-08,2025-01-09,08012025,EUR,Zona Euro,54.74663552,54.88384513,2025-01-08 15:33:00,2_1_2a25_smc.xls,https://www.bcv.org.ve/sites/default/files/EstadisticasGeneral/2_1_2a25_smc.xls
2025-01-08,2025-01-09,08012025,USD,E.U.A.,53.14949325,53.2827,2025-01-08 15:33:00,2_1_2a25_smc.xls,https://www.bcv.org.ve/sites/default/files/EstadisticasGeneral/2_1_2a25_smc.xls
2025-01-09,2025-01-10,09012025,EUR,Zona Euro,55.38335133,55.52215672,2025-01-09 14:30:00,2_1_2a25_smc.xls,https://www.bcv.org.ve/sites/default/files/EstadisticasGeneral/2_1_2a25_smc.xls
2025-01-09,2025-01-10,09012025,USD,E.U.A.,53.7175695,53.8522,2025-01-09 14:30:00,2_1_2a25_smc.xls,https://www.bcv.org.ve/sites/default/files/EstadisticasGeneral/2_1_2a25_smc.xls
2025-01-10,2025-01-14,10012025,EUR,Zona Euro,55.0611401,55.19913795,2025-01-10 14:28:00,2_1_2a25_smc.xls,https://www.bcv.org.ve/sites/default/files/EstadisticasGeneral/2_1_2a25_smc.xls
2025-01-10,2025-01-14,10012025,USD,E.U.A.,53.74440225,53.8791,2025-01-10 14:28:00,2_1_2a25_smc.xls,https://www.bcv.org.ve/sites/default/files/EstadisticasGeneral/2_1_2a25_smc.xls
2025-01-14,2025-01-15,14012025,EUR,Zona Euro,55.28860153,55.42716946,2025-01-14 14:43:00,2_1_2a25_smc.xls,https://www.bcv.org.ve/sites/default/files/EstadisticasGeneral/2_1_2a25_smc.xls
2025-01-14,2025-01-15,14012025,USD,E.U.A.,53.8292895,53.9642,2025-01-14 14:43:00,2_1_2a25_smc.xls,https://www.bcv.org.ve/sites/default/files/EstadisticasGeneral/2_1_2a25_smc.xls
2025-01-15,2025-01-16,15012025,EUR,Zona Euro,55.9667784,56.10704602,2025-01-15 14:51:00,2_1_2a25_smc.xls,https://www.bcv.org.ve/sites/default/files/EstadisticasGeneral/2_1_2a25_smc.xls
2025-01-15,2025-01-16,15012025,USD,E.U.A.,54.2334765,54.3694,2025-01-15 14:51:00,2_1_2a25_smc.xls,https://www.bcv.org.ve/sites/default/files/EstadisticasGeneral/2_1_2a25_smc.xls
2025-01-16,2025-01-17,16012025,EUR,Zona Euro,56.13943725,56.2801376,2025-01-16 14:39:00,2_1_2a25_smc.xls,https://www.bcv.org.ve/sites/default/files/EstadisticasGeneral/2_1_2a25_smc.xls
2025-01-16,2025-01-17,16012025,USD,E.U.A.,54.6231,54.76,2025-01-16 14:39:00,2_1_2a25_smc.xls,https://www.bcv.org.ve/sites/default/files/EstadisticasGeneral/2_1_2a25_smc.xls
2025-01-17,2025-01-20,17012025,EUR,Zona Euro,56.44901133,56.59048755,2025-01-17 14:59:00,2_1_2a25_smc.xls,https://www.bcv.org.ve/sites/default/files/EstadisticasGeneral/2_1_2a25_smc.xls
2025-01-17,2025-01-20,17012025,USD,E.U.A.,54.77402175,54.9113,2025-01-17 14:59:00,2_1_2a25_smc.xls,https://www.bcv.org.ve/sites/default/files/EstadisticasGeneral/2_1_2a25_smc.xls
2025-01-20,2025-01-21,20012025,EUR,Zona Euro,57.17218409,57.31547277,2025-01-20 14:50:00,2_1_2a25_smc.xls,https://www.bcv.org.ve/sites/default/files/EstadisticasGeneral/2_1_2a25_smc.xls
2025-01-20,2025-01-21,20012025,USD,E.U.A.,54.847737,54.9852,2025-01-20 14:50:00,2_1_2a25_smc.xls,https://www.bcv.org.ve/sites/default/files/EstadisticasGeneral/2_1_2a25_smc.xls
2025-01-21,2025-01-22,21012025,EUR,Zona Euro,57.30357712,57.44719511,2025-01-21 15:20:00,2_1_2a25_smc.xls,https://www.bcv.org.ve/sites/default/files/EstadisticasGeneral/2_1_2a25_smc.xls
2025-01-21,2025-01-22,21012025,USD,E.U.A.,55.16165025,55.2999,2025-01-21 15:20:00,2_1_2a25_smc.xls,https://www.bcv.org.ve/sites/default/files/EstadisticasGeneral/2_1_2a25_smc.xls
2025-01-22,2025-01-23,22012025,EUR,Zona Euro,57.95447123,58.09972053,2025-01-22 14:54:00,2_1_2a25_smc.xls,https://www.bcv.org.ve/sites/default/files/EstadisticasGeneral/2_1_2a25_smc.xls
2025-01-22,2025-01-23,22012025,USD,E.U.A.,55.62169725,55.7611,2025-01-22 14:54:00,2_1_2a25_smc.xls,https://www.bcv.org.ve/sites/default/files/EstadisticasGeneral/2_1_2a25_smc.xls
2025-01-23,2025-01-24,23012025,EUR,Zona Euro,58.44300364,58.58947734,2025-01-23 15:08:00,2_1_2a25_smc.xls,https://www.bcv.org.ve/sites/default/files/EstadisticasGeneral/2_1_2a25_smc.xls
2025-01-23,2025-01-24,23012025,USD,E.U.A.,56.1422925,56.283,2025-01-23 15:08:00,2_1_2a25_smc.xls,https://www.bcv.org.ve/sites/default/files/EstadisticasGeneral/2_1_2a25_smc.xls
2025-01-24,2025-01-27,24012025,EUR,Zona Euro,59.19256112,59.34091341,2025-01-24 15:28:00,2_1_2a25_smc.xls,https://www.bcv.org.ve/sites/default/files/EstadisticasGeneral/2_1_2a25_smc.xls
2025-01-24,2025-01-27,24012025,USD,E.U.A.,56.5105695,56.6522,2025-01-24 15:28:00,2_1_2a25_smc.xls,https://www.bcv.org.ve/sites/default/files/EstadisticasGeneral/2_1_2a25_smc.xls
2025-01-27,2025-01-28,27012025,EUR,Zona Euro,59.51970402,59.66887621,2025-01-27 15:22:00,2_1_2a25_smc.xls,https://www.bcv.org.ve/sites/default/files/EstadisticasGeneral/2_1_2a25_smc.xls
2025-01-27,2025-01-28,27012025,USD,E.U.A.,56.7140595,56.8562,2025-01-27 15:22:00,2_1_2a25_smc.xls,https://www.bcv.org.ve/sites/default/files/EstadisticasGeneral/2_1_2a25_smc.xls
2025-01-28,2025-01-29,28012025,EUR,Zona Euro,59.64607772,59.79556664,2025-01-28 14:40:00,2_1_2a25_smc.xls,https://www.bcv.org.ve/sites/default/files/EstadisticasGeneral/2_1_2a25_smc.xls
2025-01-28,2025-01-29,28012025,USD,E.U.A.,57.1541565,57.2974,2025-01-28 14:40:00,2_1_2a25_smc.xls,https://www.bcv.org.ve/sites/default/files/EstadisticasGeneral/2_1_2a25_smc.xls
2025-01-29,2025-01-30,29012025,EUR,Zona Euro,59.59893385,59.74830461,2025-01-29 15:27:00,2_1_2a25_smc.xls,https://www.bcv.org.ve/sites/default/files/EstadisticasGeneral/2_1_2a25_smc.xls
2025-01-29,2025-01-30,29012025,USD,E.U.A.,57.24941775,57.3929,2025-01-29 15:27:00,2_1_2a25_smc.xls,https://www.bcv.org.ve/sites/default/files/EstadisticasGeneral/2_1_2a25_smc.xls
2025-01-30,2025-01-31,30012025,EUR,Zona Euro,60.34906928,60.50032008,2025-01-30 16:03:00,2_1_2a25_smc.xls,https://www.bcv.org.ve/sites/default/files/EstadisticasGeneral/2_1_2a25_smc.xls
2025-01-30,2025-01-31,30012025,USD,E.U.A.,57.8216835,57.9666,2025-01-30 16:03:00,2_1_2a25_smc.xls,https://www.bcv.org.ve/sites/default/files/EstadisticasGeneral/2_1_2a25_smc.xls
2025-01-31,2025-02-03,31012025,EUR,Zona Euro,60.47792064,60.62949438,2025-01-31 15:12:00,2_1_2a25_smc.xls,https://www.bcv.org.ve/sites/default/files/EstadisticasGeneral/2_1_2a25_smc.xls
2025-01-31,2025-02-03,31012025,USD,E.U.A.,58.29759075,58.4437,2025-01-31 15:12:00,2_1_2a25_smc.xls,https://www.bcv.org.ve/sites/default/files/EstadisticasGeneral/2_1_2a25_smc.xls
2025-02-03,2025-02-04,03022025,EUR,Zona Euro,59.90003152,60.05015691,2025-02-03 15:25:00,2_1_2a25_smc.xls,https://www.bcv.org.ve/sites/default/files/EstadisticasGeneral/2_1_2a25_smc.xls
2025-02-03,2025-02-04,03022025,USD,E.U.A.,58.394049,58.5404,2025-02-03 15:25:00,2_1_2a25_smc.xls,https://www.bcv.org.ve/sites/default/files/EstadisticasGeneral/2_1_2a25_smc.xls
2025-02-04,2025-02-05,04022025,EUR,Zona Euro,60.84665754,60.99915543,2025-02-04 14:59:00,2_1_2a25_smc.xls,https://www.bcv.org.ve/sites/default/files/EstadisticasGeneral/2_1_2a25_smc.xls
2025-02-04,2025-02-05,04022025,USD,E.U.A.,58.6468155,58.7938,2025-02-04 14:59:00,2_1_2a25_smc.xls,https://www.bcv.org.ve/sites/default/files/EstadisticasGeneral/2_1_2a25_smc.xls
2025-02-05,2025-02-06,05022025,EUR,Zona Euro,61.85336146,62.00838242,2025-02-05 15:17:00,2_1_2a25_smc.xls,https://www.bcv.org.ve/sites/default/files/EstadisticasGeneral/2_1_2a25_smc.xls
2025-02-05,2025-02-06,05022025,USD,E.U.A.,59.31184875,59.4605,2025-02-05 15:17:00,2_1_2a25_smc.xls,https://www.bcv.org.ve/sites/default/files/EstadisticasGeneral/2_1_2a25_smc.xls
2025-02-06,2025-02-07,06022025,EUR,Zona Euro,62.23442216,62.39039816,2025-02-06 14:58:00,2_1_2a25_smc.xls,https://www.bcv.org.ve/sites/default/files/EstadisticasGeneral/2_1_2a25_smc.xls
2025-02-06,2025-02-07,06022025,USD,E.U.A.,59.99134575,60.1417,2025-02-06 14:58:00,2_1_2a25_smc.xls,https://www.bcv.org.ve/sites/default/files/EstadisticasGeneral/2_1_2a25_smc.xls
2025-02-07,2025-02-10,07022025,EUR,Zona Euro,62.646946,62.80395589,2025-02-07 15:22:00,2_1_2a25_smc.xls,https://www.bcv.org.ve/sites/default/files/EstadisticasGeneral/2_1_2a25_smc.xls
2025-02-07,2025-02-10,07022025,USD,E.U.A.,60.36979725,60.5211,2025-02-07 15:22:00,2_1_2a25_smc.xls,https://www.bcv.org.ve/sites/default/files/EstadisticasGeneral/2_1_2a25_smc.xls
2025-02-10,2025-02-11,10022025,EUR,Zona Euro,62.27625993,62.43234078,2025-02-10 14:41:00,2_1_2a25_smc.xls,https://www.bcv.org.ve/sites/default/files/EstadisticasGeneral/2_1_2a25_smc.xls
2025-02-10,2025-02-11,10022025,USD,E.U.A.,60.391443,60.5428,2025-02-10 14:41:00,2_1_2a25_smc.xls,https://www.bcv.org.ve/sites/default/files/EstadisticasGeneral/2_1_2a25_smc.xls
2025-02-11,2025-02-12,11022025,EUR,Zona Euro,62.88959187,63.0472099,2025-02-11 14:47:00,2_1_2a25_smc.xls,https://www.bcv.org.ve/sites/default/files/EstadisticasGeneral/2_1_2a25_smc.xls
2025-02-11,2025-02-12,11022025,USD,E.U.A.,60.8752305,61.0278,2025-02-11 14:47:00,2_1_2a25_smc.xls,https://www.bcv.org.ve/sites/default/files/EstadisticasGeneral/2_1_2a25_smc.xls
2025-02-12,2025-02-13,12022025,EUR,Zona Euro,63.28991293,63.44853427,2025-02-12 14:45:00,2_1_2a25_smc.xls,https://www.bcv.org.ve/sites/default/files/EstadisticasGeneral/2_1_2a25_smc.xls
2025-02-12,2025-02-13,12022025,USD,E.U.A.,61.1928345,61.3462,2025-02-12 14:45:00,2_1_2a25_smc.xls,https://www.bcv.org.ve/sites/default/files/EstadisticasGeneral/2_1_2a25_smc.xls
2025-02-13,2025-02-14,13022025,EUR,Zona Euro,64.15028601,64.31106367,2025-02-13 14:57:00,2_1_2a25_smc.xls,https://www.bcv.org.ve/sites/default/files/EstadisticasGeneral/2_1_2a25_smc.xls
2025-02-13,2025-02-14,13022025,USD,E.U.A.,61.66814325,61.8227,2025-02-13 14:57:00,2_1_2a25_smc.xls,https://www.bcv.org.ve/sites/default/files/EstadisticasGeneral/2_1_2a25_smc.xls
2025-02-14,2025-02-17,14022025,EUR,Zona Euro,65.04236196,65.2053754,2025-02-14 14:52:00,2_1_2a25_smc.xls,https://www.bcv.org.ve/sites/default/files/EstadisticasGeneral/2_1_2a25_smc.xls
2025-02-14,2025-02-17,14022025,USD,E.U.A.,61.915623,62.0708,2025-02-14 14:52:00,2_1_2a25_smc.xls,https://www.bcv.org.ve/sites/default/files/EstadisticasGeneral/2_1_2a25_smc.xls
2025-02-17,2025-02-18,17022025,EUR,Zona Euro,64.92852405,65.09125218,2025-02-17 14:56:00,2_1_2a25_smc.xls,https://www.bcv.org.ve/sites/default/files/EstadisticasGeneral/2_1_2a25_smc.xls
2025-02-17,2025-02-18,17022025,USD,E.U.A.,61.94465025,62.0999,2025-02-17 14:56:00,2_1_2a25_smc.xls,https://www.bcv.org.ve/sites/default/files/EstadisticasGeneral/2_1_2a25_smc.xls
2025-02-18,2025-02-19,18022025,EUR,Zona Euro,64.82974361,64.99222417,2025-02-18 18:40:00,2_1_2a25_smc.xls,https://www.bcv.org.ve/sites/default/files/EstadisticasGeneral/2_1_2a25_smc.xls
2025-02-18,2025-02-19,18022025,USD,E.U.A.,62.0279415,62.1834,2025-02-18 18:40:00,2_1_2a25_smc.xls,https://www.bcv.org.ve/sites/default/files/EstadisticasGeneral/2_1_2a25_smc.xls
2025-02-19,2025-02-20,19022025,EUR,Zona Euro,65.05187559,65.21491288,2025-02-19 16:10:00,2_1_2a25_smc.xls,https://www.bcv.org.ve/sites/default/files/EstadisticasGeneral/2_1_2a25_smc.xls
2025-02-19,2025-02-20,19022025,USD,E.U.A.,62.35442325,62.5107,2025-02-19 16:10:00,2_1_2a25_smc.xls,https://www.bcv.org.ve/sites/default/files/EstadisticasGeneral/2_1_2a25_smc.xls
2025-02-20,2025-02-21,20022025,EUR,Zona Euro,65.90142763,66.06659412,2025-02-20 16:10:00,2_1_2a25_smc.xls,https://www.bcv.org.ve/sites/default/files/EstadisticasGeneral/2_1_2a25_smc.xls
2025-02-20,2025-02-21,20022025,USD,E.U.A.,63.04848375,63.2065,2025-02-20 16:10:00,2_1_2a25_smc.xls,https://www.bcv.org.ve/sites/default/files/EstadisticasGeneral/2_1_2a25_smc.xls
2025-02-21,2025-02-24,21022025,EUR,Zona Euro,66.21887911,66.38484121,2025-02-21 16:10:00,2_1_2a25_smc.xls,https://www.bcv.org.ve/sites/default/files/EstadisticasGeneral/2_1_2a25_smc.xls
2025-02-21,2025-02-24,21022025,USD,E.U.A.,63.25536525,63.4139,2025-02-21 16:10:00,2_1_2a25_smc.xls,https://www.bcv.org.ve/sites/default/files/EstadisticasGeneral/2_1_2a25_smc.xls
2025-02-24,2025-02-25,24022025,EUR,Zona Euro,66.26621233,66.43229306,2025-02-24 16:10:00,2_1_2a25_smc.xls,https://www.bcv.org.ve/sites/default/files/EstadisticasGeneral/2_1_2a25_smc.xls
2025-02-24,2025-02-25,24022025,USD,E.U.A.,63.3350655,63.4938,2025-02-24 16:10:00,2_1_2a25_smc.xls,https://www.bcv.org.ve/sites/default/files/EstadisticasGeneral/2_1_2a25_smc.xls
2025-02-25,2025-02-26,25022025,EUR,Zona Euro,67.07690989,67.24502244,2025-02-25 16:10:00,2_1_2a25_smc.xls,https://www.bcv.org.ve/sites/default/files/EstadisticasGeneral/2_1_2a25_smc.xls
2025-02-25,2025-02-26,25022025,USD,E.U.A.,63.85905225,64.0191,2025-02-25 16:10:00,2_1_2a25_smc.xls,https://www.bcv.org.ve/sites/default/files/EstadisticasGeneral/2_1_2a25_smc.xls
2025-02-26,2025-02-27,26022025,EUR,Zona Euro,67.24811362,67.41665526,2025-02-26 14:44:00,2_1_2a25_smc.xls,https://www.bcv.org.ve/sites/default/files/EstadisticasGeneral/2_1_2a25_smc.xls
2025-02-26,2025-02-27,26022025,USD,E.U.A.,64.0799985,64.2406,2025-02-26 14:44:00,2_1_2a25_smc.xls,https://www.bcv.org.ve/sites/default/files/EstadisticasGeneral/2_1_2a25_smc.xls
2025-02-27,2025-02-28,27022025,EUR,Zona Euro,66.74406232,66.91134067,2025-02-27 15:04:00,2_1_2a25_smc.xls,https://www.bcv.org.ve/sites/default/files/EstadisticasGeneral/2_1_2a25_smc.xls
2025-02-27,2025-02-28,27022025,USD,E.U.A.,64.085784,64.2464,2025-02-27 15:04:00,2_1_2a25_smc.xls,https://www.bcv.org.ve/sites/default/files/EstadisticasGeneral/2_1_2a25_smc.xls
2025-02-28,2025-03-05,28022025,EUR,Zona Euro,66.95400743,67.12181196,2025-02-28 15:00:00,2_1_2a25_smc.xls,https://www.bcv.org.ve/sites/default/files/EstadisticasGeneral/2_1_2a25_smc.xls
2025-02-28,2025-03-05,28022025,USD,E.U.A.,64.323189,64.4844,2025-02-28 15:00:00,2_1_2a25_smc.xls,https://www.bcv.org.ve/sites/default/files/EstadisticasGeneral/2_1_2a25_smc.xls
2025-03-05,2025-03-06,05032025,EUR,Zona Euro,69.32120736,69.49494472,2025-03-05 15:13:00,2_1_2a25_smc.xls,https://www.bcv.org.ve/sites/default/files/EstadisticasGeneral/2_1_2a25_smc.xls
2025-03-05,2025-03-06,05032025,USD,E.U.A.,64.450071,64.6116,2025-03-05 15:13:00,2_1_2a25_smc.xls,https://www.bcv.org.ve/sites/default/files/EstadisticasGeneral/2_1_2a25_smc.xls
2025-03-06,2025-03-07,06032025,EUR,Zona Euro,70.03116094,70.20667764,2025-03-06 14:52:00,2_1_2a25_smc.xls,https://www.bcv.org.ve/sites/default/files/EstadisticasGeneral/2_1_2a25_smc.xls
2025-03-06,2025-03-07,06032025,USD,E.U.A.,64.584135,64.746,2025-03-06 14:52:00,2_1_2a25_smc.xls,https://www.bcv.org.ve/sites/default/files/EstadisticasGeneral/2_1_2a25_smc.xls
2025-03-07,2025-03-10,07032025,EUR,Zona Euro,70.73509801,70.91237896,2025-03-07 14:59:00,2_1_2a25_smc.xls,https://www.bcv.org.ve/sites/default/files/EstadisticasGeneral/2_1_2a25_smc.xls
2025-03-07,2025-03-10,07032025,USD,E.U.A.,65.1030345,65.2662,2025-03-07 14:59:00,2_1_2a25_smc.xls,https://www.bcv.org.ve/sites/default/files/EstadisticasGeneral/2_1_2a25_smc.xls
2025-03-10,2025-03-11,10032025,EUR,Zona Euro,70.70267776,70.87987745,2025-03-10 15:22:00,2_1_2a25_smc.xls,https://www.bcv.org.ve/sites/default/files/EstadisticasGeneral/2_1_2a25_smc.xls
2025-03-10,2025-03-11,10032025,USD,E.U.A.,65.25156225,65.4151,2025-03-10 15:22:00,2_1_2a25_smc.xls,https://www.bcv.org.ve/sites/default/files/EstadisticasGeneral/2_1_2a25_smc.xls
2025-03-11,2025-03-12,11032025,EUR,Zona Euro,71.45257306,71.6316522,2025-03-11 14:55:00,2_1_2a25_smc.xls,https://www.bcv.org.ve/sites/default/files/EstadisticasGeneral/2_1_2a25_smc.xls
2025-03-11,2025-03-12,11032025,USD,E.U.A.,65.462733,65.6268,2025-03-11 14:55:00,2_1_2a25_smc.xls,https://www.bcv.org.ve/sites/default/files/EstadisticasGeneral/2_1_2a25_smc.xls
2025-03-12,2025-03-13,12032025,EUR,Zona Euro,72.12905929,72.30983388,2025-03-12 14:50:00,2_1_2a25_smc.xls,https://www.bcv.org.ve/sites/default/files/EstadisticasGeneral/2_1_2a25_smc.xls
2025-03-12,2025-03-13,12032025,USD,E.U.A.,66.0885645,66.2542,2025-03-12 14:50:00,2_1_2a25_smc.xls,https://www.bcv.org.ve/sites/default/files/EstadisticasGeneral/2_1_2a25_smc.xls
2025-03-13,2025-03-14,13032025,EUR,Zona Euro,71.97065159,72.15102916,2025-03-13 14:51:00,2_1_2a25_smc.xls,https://www.bcv.org.ve/sites/default/files/EstadisticasGeneral/2_1_2a25_smc.xls
2025-03-13,2025-03-14,13032025,USD,E.U.A.,66.270708,66.4368,2025-03-13 14:51:00,2_1_2a25_smc.xls,https://www.bcv.org.ve/sites/default/files/EstadisticasGeneral/2_1_2a25_smc.xls
2025-03-14,2025-03-17,14032025,EUR,Zona Euro,72.21737272,72.39836864,2025-03-14 15:12:00,2_1_2a25_smc.xls,https://www.bcv.org.ve/sites/default/files/EstadisticasGeneral/2_1_2a25_smc.xls
2025-03-14,2025-03-17,14032025,USD,E.U.A.,66.39090675,66.5573,2025-03-14 15:12:00,2_1_2a25_smc.xls,https://www.bcv.org.ve/sites/default/files/EstadisticasGeneral/2_1_2a25_smc.xls
2025-03-17,2025-03-18,17032025,EUR,Zona Euro,72.73217708,72.91446324,2025-03-17 14:37:00,2_1_2a25_smc.xls,https://www.bcv.org.ve/sites/default/files/EstadisticasGeneral/2_1_2a25_smc.xls
2025-03-17,2025-03-18,17032025,USD,E.U.A.,66.62103,66.788,2025-03-17 14:37:00,2_1_2a25_smc.xls,https://www.bcv.org.ve/sites/default/files/EstadisticasGeneral/2_1_2a25_smc.xls
2025-03-18,2025-03-20,18032025,EUR,Zona Euro,73.53246968,73.71676159,2025-03-18 14:51:00,2_1_2a25_smc.xls,https://www.bcv.org.ve/sites/default/files/EstadisticasGeneral/2_1_2a25_smc.xls
2025-03-18,2025-03-20,18032025,USD,E.U.A.,67.465314,67.6344,2025-03-18 14:51:00,2_1_2a25_smc.xls,https://www.bcv.org.ve/sites/default/files/EstadisticasGeneral/2_1_2a25_smc.xls
2025-03-20,2025-03-21,20032025,EUR,Zona Euro,73.27499888,73.45864549,2025-03-20 15:13:00,2_1_2a25_smc.xls,https://www.bcv.org.ve/sites/default/files/EstadisticasGeneral/2_1_2a25_smc.xls
2025-03-20,2025-03-21,20032025,USD,E.U.A.,67.68865425,67.8583,2025-03-20 15:13:00,2_1_2a25_smc.xls,https://www.bcv.org.ve/sites/default/files/EstadisticasGeneral/2_1_2a25_smc.xls
2025-03-21,2025-03-24,21032025,EUR,Zona Euro,73.77811112,73.96301866,2025-03-21 14:54:00,2_1_2a25_smc.xls,https://www.bcv.org.ve/sites/default/files/EstadisticasGeneral/2_1_2a25_smc.xls
2025-03-21,2025-03-24,21032025,USD,E.U.A.,68.140821,68.3116,2025-03-21 14:54:00,2_1_2a25_smc.xls,https://www.bcv.org.ve/sites/default/files/EstadisticasGeneral/2_1_2a25_smc.xls
2025-03-24,2025-03-25,24032025,EUR,Zona Euro,73.66609853,73.85072534,2025-03-24 15:44:00,2_1_2a25_smc.xls,https://www.bcv.org.ve/sites/default/files/EstadisticasGeneral/2_1_2a25_smc.xls
2025-03-24,2025-03-25,24032025,USD,E.U.A.,68.222616,68.3936,2025-03-24 15:44:00,2_1_2a25_smc.xls,https://www.bcv.org.ve/sites/default/files/EstadisticasGeneral/2_1_2a25_smc.xls
2025-03-25,2025-03-26,25032025,EUR,Zona Euro,74.11334037,74.29908809,2025-03-25 14:58:00,2_1_2a25_smc.xls,https://www.bcv.org.ve/sites/default/files/EstadisticasGeneral/2_1_2a25_smc.xls
2025-03-25,2025-03-26,25032025,USD,E.U.A.,68.5276515,68.6994,2025-03-25 14:58:00,2_1_2a25_smc.xls,https://www.bcv.org.ve/sites/default/files/EstadisticasGeneral/2_1_2a25_smc.xls
2025-03-26,2025-03-27,26032025,EUR,Zona Euro,74.26789542,74.4540305,2025-03-26 15:50:00,2_1_2a25_smc.xls,https://www.bcv.org.ve/sites/default/files/EstadisticasGeneral/2_1_2a25_smc.xls
2025-03-26,2025-03-27,26032025,USD,E.U.A.,68.846253,69.0188,2025-03-26 15:50:00,2_1_2a25_smc.xls,https://www.bcv.org.ve/sites/default/files/EstadisticasGeneral/2_1_2a25_smc.xls
2025-03-27,2025-03-28,27032025,EUR,Zona Euro,74.75159207,74.93893942,2025-03-27 15:05:00,2_1_2a25_smc.xls,https://www.bcv.org.ve/sites/default/files/EstadisticasGeneral/2_1_2a25_smc.xls
2025-03-27,2025-03-28,27032025,USD,E.U.A.,69.26510325,69.4387,2025-03-27 15:05:00,2_1_2a25_smc.xls,https://www.bcv.org.ve/sites/default/files/EstadisticasGeneral/2_1_2a25_smc.xls
2025-03-28,2025-03-31,28032025,EUR,Zona Euro,75.16524474,75.35362881,2025-03-28 15:37:00,2_1_2a25_smc.xls,https://www.bcv.org.ve/sites/default/files/EstadisticasGeneral/2_1_2a25_smc.xls
2025-03-28,2025-03-31,28032025,USD,E.U.A.,69.392484,69.5664,2025-03-28 15:37:00,2_1_2a25_smc.xls,https://www.bcv.org.ve/sites/default/files/EstadisticasGeneral/2_1_2a25_smc.xls
2025-03-31,2025-04-01,31032025,EUR,Zona Euro,75.26503893,75.45367312,2025-03-31 15:01:00,2_1_2a25_smc.xls,https://www.bcv.org.ve/sites/default/files/EstadisticasGeneral/2_1_2a25_smc.xls
2025-03-31,2025-04-01,31032025,USD,E.U.A.,69.60156,69.776,2025-03-31 15:01:00,2_1_2a25_smc.xls,https://www.bcv.org.ve/sites/default/files/EstadisticasGeneral/2_1_2a25_smc.xls
2025-04-01,2025-04-02,01042025,EUR,Zona Euro,75.45691911,75.6460342,2025-04-01 15:26:00,2_1_2b25_smc.xls,https://www.bcv.org.ve/sites/default/files/EstadisticasGeneral/2_1_2b25_smc.xls
2025-04-01,2025-04-02,01042025,USD,E.U.A.,69.83906475,70.0141,2025-04-01 15:26:00,2_1_2b25_smc.xls,https://www.bcv.org.ve/sites/default/files/EstadisticasGeneral/2_1_2b25_smc.xls
2025-04-02,2025-04-03,02042025,EUR,Zona Euro,76.04255253,76.23313537,2025-04-02 15:23:00,2_1_2b25_smc.xls,https://www.bcv.org.ve/sites/default/files/EstadisticasGeneral/2_1_2b25_smc.xls
2025-04-02,2025-04-03,02042025,USD,E.U.A.,70.07367675,70.2493,2025-04-02 15:23:00,2_1_2b25_smc.xls,https://www.bcv.org.ve/sites/default/files/EstadisticasGeneral/2_1_2b25_smc.xls
2025-04-03,2025-04-04,03042025,EUR,Zona Euro,78.28465832,78.48086047,2025-04-03 14:51:00,2_1_2b25_smc.xls,https://www.bcv.org.ve/sites/default/files/EstadisticasGeneral/2_1_2b25_smc.xls
2025-04-03,2025-04-04,03042025,USD,E.U.A.,70.408737,70.5852,2025-04-03 14:51:00,2_1_2b25_smc.xls,https://www.bcv.org.ve/sites/default/files/EstadisticasGeneral/2_1_2b25_smc.xls
2025-04-04,2025-04-07,04042025,EUR,Zona Euro,79.12140359,79.31970284,2025-04-04 15:22:00,2_1_2b25_smc.xls,https://www.bcv.org.ve/sites/default/files/EstadisticasGeneral/2_1_2b25_smc.xls
2025-04-04,2025-04-07,04042025,USD,E.U.A.,72.005136,72.1856,2025-04-04 15:22:00,2_1_2b25_smc.xls,https://www.bcv.org.ve/sites/default/files/EstadisticasGeneral/2_1_2b25_smc.xls
2025-04-07,2025-04-08,07042025,EUR,Zona Euro,79.8689141,80.06908682,2025-04-07 15:12:00,2_1_2b25_smc.xls,https://www.bcv.org.ve/sites/default/files/EstadisticasGeneral/2_1_2b25_smc.xls
2025-04-07,2025-04-08,07042025,USD,E.U.A.,73.174206,73.3576,2025-04-07 15:12:00,2_1_2b25_smc.xls,https://www.bcv.org.ve/sites/default/files/EstadisticasGeneral/2_1_2b25_smc.xls
2025-04-08,2025-04-09,08042025,EUR,Zona Euro,80.84361677,81.04623235,2025-04-08 15:10:00,2_1_2b25_smc.xls,https://www.bcv.org.ve/sites/default/files/EstadisticasGeneral/2_1_2b25_smc.xls
2025-04-08,2025-04-09,08042025,USD,E.U.A.,74.09300325,74.2787,2025-04-08 15:10:00,2_1_2b25_smc.xls,https://www.bcv.org.ve/sites/default/files/EstadisticasGeneral/2_1_2b25_smc.xls
2025-04-09,2025-04-10,09042025,EUR,Zona Euro,83.48733091,83.69657235,2025-04-09 15:30:00,2_1_2b25_smc.xls,https://www.bcv.org.ve/sites/default/files/EstadisticasGeneral/2_1_2b25_smc.xls
2025-04-09,2025-04-10,09042025,USD,E.U.A.,75.61299375,75.8025,2025-04-09 15:30:00,2_1_2b25_smc.xls,https://www.bcv.org.ve/sites/default/files/EstadisticasGeneral/2_1_2b25_smc.xls
2025-04-10,2025-04-11,10042025,EUR,Zona Euro,86.09033823,86.30610349,2025-04-10 15:25:00,2_1_2b25_smc.xls,https://www.bcv.org.ve/sites/default/files/EstadisticasGeneral/2_1_2b25_smc.xls
2025-04-10,2025-04-11,10042025,USD,E.U.A.,77.0714385,77.2646,2025-04-10 15:25:00,2_1_2b25_smc.xls,https://www.bcv.org.ve/sites/default/files/EstadisticasGeneral/2_1_2b25_smc.xls
2025-04-11,2025-04-14,11042025,EUR,Zona Euro,88.63345004,88.85558901,2025-04-11 15:14:00,2_1_2b25_smc.xls,https://www.bcv.org.ve/sites/default/files/EstadisticasGeneral/2_1_2b25_smc.xls
2025-04-11,2025-04-14,11042025,USD,E.U.A.,78.16759125,78.3635,2025-04-11 15:14:00,2_1_2b25_smc.xls,https://www.bcv.org.ve/sites/default/files/EstadisticasGeneral/2_1_2b25_smc.xls
2025-04-14,2025-04-15,14042025,EUR,Zona Euro,89.08093324,89.30419373,2025-04-14 17:04:00,2_1_2b25_smc.xls,https://www.bcv.org.ve/sites/default/files/EstadisticasGeneral/2_1_2b25_smc.xls
2025-04-14,2025-04-15,14042025,USD,E.U.A.,78.3949215,78.5914,2025-04-14 17:04:00,2_1_2b25_smc.xls,https://www.bcv.org.ve/sites/default/files/EstadisticasGeneral/2_1_2b25_smc.xls
2025-04-15,2025-04-16,15042025,EUR,Zona Euro,90.15620644,90.38216185,2025-04-15 16:55:00,2_1_2b25_smc.xls,https://www.bcv.org.ve/sites/default/files/EstadisticasGeneral/2_1_2b25_smc.xls
2025-04-15,2025-04-16,15042025,USD,E.U.A.,79.584939,79.7844,2025-04-15 16:55:00,2_1_2b25_smc.xls,https://www.bcv.org.ve/sites/default/files/EstadisticasGeneral/2_1_2b25_smc.xls
2025-04-16,2025-04-21,16042025,EUR,Zona Euro,91.86154306,92.0917725,2025-04-16 16:22:00,2_1_2b25_smc.xls,https://www.bcv.org.ve/sites/default/files/EstadisticasGeneral/2_1_2b25_smc.xls
2025-04-16,2025-04-21,16042025,USD,E.U.A.,80.7574005,80.9598,2025-04-16 16:22:00,2_1_2b25_smc.xls,https://www.bcv.org.ve/sites/default/files/EstadisticasGeneral/2_1_2b25_smc.xls
2025-04-21,2025-04-22,21042025,EUR,Zona Euro,93.76677976,94.00178422,2025-04-21 15:22:00,2_1_2b25_smc.xls,https://www.bcv.org.ve/sites/default/files/EstadisticasGeneral/2_1_2b25_smc.xls
2025-04-21,2025-04-22,21042025,USD,E.U.A.,81.55689675,81.7613,2025-04-21 15:22:00,2_1_2b25_smc.xls,https://www.bcv.org.ve/sites/default/files/EstadisticasGeneral/2_1_2b25_smc.xls
2025-04-22,2025-04-23,22042025,EUR,Zona Euro,94.3188224,94.55521042,2025-04-22 15:34:00,2_1_2b25_smc.xls,https://www.bcv.org.ve/sites/default/files/EstadisticasGeneral/2_1_2b25_smc.xls
2025-04-22,2025-04-23,22042025,USD,E.U.A.,82.172853,82.3788,2025-04-22 15:34:00,2_1_2b25_smc.xls,https://www.bcv.org.ve/sites/default/files/EstadisticasGeneral/2_1_2b25_smc.xls
2025-04-23,2025-04-24,23042025,EUR,Zona Euro,94.53365638,94.77058283,2025-04-23 16:04:00,2_1_2b25_smc.xls,https://www.bcv.org.ve/sites/default/files/EstadisticasGeneral/2_1_2b25_smc.xls
2025-04-23,2025-04-24,23042025,USD,E.U.A.,83.2096545,83.4182,2025-04-23 16:04:00,2_1_2b25_smc.xls,https://www.bcv.org.ve/sites/default/files/EstadisticasGeneral/2_1_2b25_smc.xls
2025-04-24,2025-04-25,24042025,EUR,Zona Euro,95.76708215,96.0070999,2025-04-24 16:41:00,2_1_2b25_smc.xls,https://www.bcv.org.ve/sites/default/files/EstadisticasGeneral/2_1_2b25_smc.xls
2025-04-24,2025-04-25,24042025,USD,E.U.A.,84.209349,84.4204,2025-04-24 16:41:00,2_1_2b25_smc.xls,https://www.bcv.org.ve/sites/default/files/EstadisticasGeneral/2_1_2b25_smc.xls
2025-04-25,2025-04-28,25042025,EUR,Zona Euro,97.59931898,97.8439288,2025-04-25 16:28:00,2_1_2b25_smc.xls,https://www.bcv.org.ve/sites/default/files/EstadisticasGeneral/2_1_2b25_smc.xls
2025-04-25,2025-04-28,25042025,USD,E.U.A.,85.89901425,86.1143,2025-04-25 16:28:00,2_1_2b25_smc.xls,https://www.bcv.org.ve/sites/default/files/EstadisticasGeneral/2_1_2b25_smc.xls
2025-04-28,2025-04-29,28042025,EUR,Zona Euro,98.35202218,98.59851848,2025-04-28 15:23:00,2_1_2b25_smc.xls,https://www.bcv.org.ve/sites/default/files/EstadisticasGeneral/2_1_2b25_smc.xls
2025-04-28,2025-04-29,28042025,USD,E.U.A.,86.439759,86.6564,2025-04-28 15:23:00,2_1_2b25_smc.xls,https://www.bcv.org.ve/sites/default/files/EstadisticasGeneral/2_1_2b25_smc.xls
2025-04-29,2025-04-30,29042025,EUR,Zona Euro,98.76529411,99.01282618,2025-04-29 17:09:00,2_1_2b25_smc.xls,https://www.bcv.org.ve/sites/default/files/EstadisticasGeneral/2_1_2b25_smc.xls
2025-04-29,2025-04-30,29042025,USD,E.U.A.,86.62938375,86.8465,2025-04-29 17:09:00,2_1_2b25_smc.xls,https://www.bcv.org.ve/sites/default/files/EstadisticasGeneral/2_1_2b25_smc.xls
2025-04-30,2025-05-02,30042025,EUR,Zona Euro,99.23390914,99.48261568,2025-04-30 15:31:00,2_1_2b25_smc.xls,https://www.bcv.org.ve/sites/default/files/EstadisticasGeneral/2_1_2b25_smc.xls
2025-04-30,2025-05-02,30042025,USD,E.U.A.,87.34917975,87.5681,2025-04-30 15:31:00,2_1_2b25_smc.xls,https://www.bcv.org.ve/sites/default/files/EstadisticasGeneral/2_1_2b25_smc.xls
2025-05-02,2025-05-05,02052025,EUR,Zona Euro,100.44740573,100.69915362,2025-05-02 15:57:00,2_1_2b25_smc.xls,https://www.bcv.org.ve/sites/default/files/EstadisticasGeneral/2_1_2b25_smc.xls
2025-05-02,2025-05-05,02052025,USD,E.U.A.,88.41889875,88.6405,2025-05-02 15:57:00,2_1_2b25_smc.xls,https://www.bcv.org.ve/sites/default/files/EstadisticasGeneral/2_1_2b25_smc.xls
2025-05-05,2025-05-06,05052025,EUR,Zona Euro,100.33577843,100.58724655,2025-05-05 15:38:00,2_1_2b25_smc.xls,https://www.bcv.org.ve/sites/default/files/EstadisticasGeneral/2_1_2b25_smc.xls
2025-05-05,2025-05-06,05052025,USD,E.U.A.,88.500594,88.7224,2025-05-05 15:38:00,2_1_2b25_smc.xls,https://www.bcv.org.ve/sites/default/files/EstadisticasGeneral/2_1_2b25_smc.xls
2025-05-06,2025-05-07,06052025,EUR,Zona Euro,103.19413665,103.45276857,2025-05-06 16:50:00,2_1_2b25_smc.xls,https://www.bcv.org.ve/sites/default/files/EstadisticasGeneral/2_1_2b25_smc.xls
2025-05-06,2025-05-07,06052025,USD,E.U.A.,90.98327175,91.2113,2025-05-06 16:50:00,2_1_2b25_smc.xls,https://www.bcv.org.ve/sites/default/files/EstadisticasGeneral/2_1_2b25_smc.xls
2025-05-07,2025-05-08,07052025,EUR,Zona Euro,104.19369269,104.45482976,2025-05-07 15:43:00,2_1_2b25_smc.xls,https://www.bcv.org.ve/sites/default/files/EstadisticasGeneral/2_1_2b25_smc.xls
2025-05-07,2025-05-08,07052025,USD,E.U.A.,91.68670875,91.9165,2025-05-07 15:43:00,2_1_2b25_smc.xls,https://www.bcv.org.ve/sites/default/files/EstadisticasGeneral/2_1_2b25_smc.xls
2025-05-08,2025-05-09,08052025,EUR,Zona Euro,104.38676533,104.6483863,2025-05-08 16:40:00,2_1_2b25_smc.xls,https://www.bcv.org.ve/sites/default/files/EstadisticasGeneral/2_1_2b25_smc.xls
2025-05-08,2025-05-09,08052025,USD,E.U.A.,92.5989225,92.831,2025-05-08 16:40:00,2_1_2b25_smc.xls,https://www.bcv.org.ve/sites/default/files/EstadisticasGeneral/2_1_2b25_smc.xls
2025-05-09,2025-05-12,09052025,EUR,Zona Euro,104.54057588,104.80258234,2025-05-09 17:43:00,2_1_2b25_smc.xls,https://www.bcv.org.ve/sites/default/files/EstadisticasGeneral/2_1_2b25_smc.xls
2025-05-09,2025-05-12,09052025,USD,E.U.A.,92.81687625,93.0495,2025-05-09 17:43:00,2_1_2b25_smc.xls,https://www.bcv.org.ve/sites/default/files/EstadisticasGeneral/2_1_2b25_smc.xls
2025-05-12,2025-05-13,12052025,EUR,Zona Euro,103.22006633,103.47876323,2025-05-12 17:39:00,2_1_2b25_smc.xls,https://www.bcv.org.ve/sites/default/files/EstadisticasGeneral/2_1_2b25_smc.xls
2025-05-12,2025-05-13,12052025,USD,E.U.A.,92.82964425,93.0623,2025-05-12 17:39:00,2_1_2b25_smc.xls,https://www.bcv.org.ve/sites/default/files/EstadisticasGeneral/2_1_2b25_smc.xls
2025-05-13,2025-05-14,13052025,EUR,Zona Euro,104.24562266,104.50688989,2025-05-13 17:10:00,2_1_2b25_smc.xls,https://www.bcv.org.ve/sites/default/files/EstadisticasGeneral/2_1_2b25_smc.xls
2025-05-13,2025-05-14,13052025,USD,E.U.A.,93.345651,93.5796,2025-05-13 17:10:00,2_1_2b25_smc.xls,https://www.bcv.org.ve/sites/default/files/EstadisticasGeneral/2_1_2b25_smc.xls
2025-05-14,2025-05-15,14052025,EUR,Zona Euro,105.32411488,105.58808509,2025-05-14 17:04:00,2_1_2b25_smc.xls,https://www.bcv.org.ve/sites/default/files/EstadisticasGeneral/2_1_2b25_smc.xls
2025-05-14,2025-05-15,14052025,USD,E.U.A.,93.92031075,94.1557,2025-05-14 17:04:00,2_1_2b25_smc.xls,https://www.bcv.org.ve/sites/default/files/EstadisticasGeneral/2_1_2b25_smc.xls
2025-05-15,2025-05-16,15052025,EUR,Zona Euro,105.2640968,105.52791659,2025-05-15 16:10:00,2_1_2b25_smc.xls,https://www.bcv.org.ve/sites/default/files/EstadisticasGeneral/2_1_2b25_smc.xls
2025-05-15,2025-05-16,15052025,USD,E.U.A.,94.08828975,94.3241,2025-05-15 16:10:00,2_1_2b25_smc.xls,https://www.bcv.org.ve/sites/default/files/EstadisticasGeneral/2_1_2b25_smc.xls
2025-05-16,2025-05-19,16052025,EUR,Zona Euro,105.37107109,105.63515899,2025-05-16 16:56:00,2_1_2b25_smc.xls,https://www.bcv.org.ve/sites/default/files/EstadisticasGeneral/2_1_2b25_smc.xls
2025-05-16,2025-05-19,16052025,USD,E.U.A.,94.5260925,94.763,2025-05-16 16:56:00,2_1_2b25_smc.xls,https://www.bcv.org.ve/sites/default/files/EstadisticasGeneral/2_1_2b25_smc.xls
2025-05-19,2025-05-20,19052025,EUR,Zona Euro,106.47590537,106.74276228,2025-05-19 17:15:00,2_1_2b25_smc.xls,https://www.bcv.org.ve/sites/default/files/EstadisticasGeneral/2_1_2b25_smc.xls
2025-05-19,2025-05-20,19052025,USD,E.U.A.,94.565394,94.8024,2025-05-19 17:15:00,2_1_2b25_smc.xls,https://www.bcv.org.ve/sites/default/files/EstadisticasGeneral/2_1_2b25_smc.xls
2025-05-20,2025-05-21,20052025,EUR,Zona Euro,106.30857185,106.57500938,2025-05-20 15:17:00,2_1_2b25_smc.xls,https://www.bcv.org.ve/sites/default/files/EstadisticasGeneral/2_1_2b25_smc.xls
2025-05-20,2025-05-21,20052025,USD,E.U.A.,94.618461,94.8556,2025-05-20 15:17:00,2_1_2b25_smc.xls,https://www.bcv.org.ve/sites/default/files/EstadisticasGeneral/2_1_2b25_smc.xls
2025-05-21,2025-05-22,21052025,EUR,Zona Euro,107.38341934,107.65255072,2025-05-21 16:04:00,2_1_2b25_smc.xls,https://www.bcv.org.ve/sites/default/files/EstadisticasGeneral/2_1_2b25_smc.xls
2025-05-21,2025-05-22,21052025,USD,E.U.A.,94.727787,94.9652,2025-05-21 16:04:00,2_1_2b25_smc.xls,https://www.bcv.org.ve/sites/default/files/EstadisticasGeneral/2_1_2b25_smc.xls
2025-05-22,2025-05-23,22052025,EUR,Zona Euro,106.91147027,107.17941882,2025-05-22 15:44:00,2_1_2b25_smc.xls,https://www.bcv.org.ve/sites/default/files/EstadisticasGeneral/2_1_2b25_smc.xls
2025-05-22,2025-05-23,22052025,USD,E.U.A.,94.78135275,95.0189,2025-05-22 15:44:00,2_1_2b25_smc.xls,https://www.bcv.org.ve/sites/default/files/EstadisticasGeneral/2_1_2b25_smc.xls
2025-05-23,2025-05-26,23052025,EUR,Zona Euro,107.52629051,107.79577996,2025-05-23 16:26:00,2_1_2b25_smc.xls,https://www.bcv.org.ve/sites/default/files/EstadisticasGeneral/2_1_2b25_smc.xls
2025-05-23,2025-05-26,23052025,USD,E.U.A.,94.84629,95.084,2025-05-23 16:26:00,2_1_2b25_smc.xls,https://www.bcv.org.ve/sites/default/files/EstadisticasGeneral/2_1_2b25_smc.xls
2025-05-26,2025-05-27,26052025,EUR,Zona Euro,108.11543652,108.38640253,2025-05-26 16:20:00,2_1_2b25_smc.xls,https://www.bcv.org.ve/sites/default/files/EstadisticasGeneral/2_1_2b25_smc.xls
2025-05-26,2025-05-27,26052025,USD,E.U.A.,95.00060325,95.2387,2025-05-26 16:20:00,2_1_2b25_smc.xls,https://www.bcv.org.ve/sites/default/files/EstadisticasGeneral/2_1_2b25_smc.xls
2025-05-27,2025-05-28,27052025,EUR,Zona Euro,108.31128267,108.58273952,2025-05-27 17:09:00,2_1_2b25_smc.xls,https://www.bcv.org.ve/sites/default/files/EstadisticasGeneral/2_1_2b25_smc.xls
2025-05-27,2025-05-28,27052025,USD,E.U.A.,95.565687,95.8052,2025-05-27 17:09:00,2_1_2b25_smc.xls,https://www.bcv.org.ve/sites/default/files/EstadisticasGeneral/2_1_2b25_smc.xls
2025-05-28,2025-05-29,28052025,EUR,Zona Euro,108.80942957,109.0821349,2025-05-28 16:31:00,2_1_2b25_smc.xls,https://www.bcv.org.ve/sites/default/files/EstadisticasGeneral/2_1_2b25_smc.xls
2025-05-28,2025-05-29,28052025,USD,E.U.A.,96.28897425,96.5303,2025-05-28 16:31:00,2_1_2b25_smc.xls,https://www.bcv.org.ve/sites/default/files/EstadisticasGeneral/2_1_2b25_smc.xls
2025-05-29,2025-05-30,29052025,EUR,Zona Euro,109.72435435,109.99935273,2025-05-29 17:49:00,2_1_2b25_smc.xls,https://www.bcv.org.ve/sites/default/files/EstadisticasGeneral/2_1_2b25_smc.xls
2025-05-29,2025-05-30,29052025,USD,E.U.A.,96.61555575,96.8577,2025-05-29 17:49:00,2_1_2b25_smc.xls,https://www.bcv.org.ve/sites/default/files/EstadisticasGeneral/2_1_2b25_smc.xls
2025-05-30,2025-06-03,30052025,EUR,Zona Euro,109.94847567,110.22403576,2025-05-30 16:21:00,2_1_2b25_smc.xls,https://www.bcv.org.ve/sites/default/files/EstadisticasGeneral/2_1_2b25_smc.xls
2025-05-30,2025-06-03,30052025,USD,E.U.A.,97.0693185,97.3126,2025-05-30 16:21:00,2_1_2b25_smc.xls,https://www.bcv.org.ve/sites/default/files/EstadisticasGeneral/2_1_2b25_smc.xls
2025-06-03,2025-06-04,03062025,EUR,Zona Euro,110.63859396,110.91588367,2025-06-03 15:30:00,2_1_2b25_smc.xls,https://www.bcv.org.ve/sites/default/files/EstadisticasGeneral/2_1_2b25_smc.xls
2025-06-03,2025-06-04,03062025,USD,E.U.A.,97.1758515,97.4194,2025-06-03 15:30:00,2_1_2b25_smc.xls,https://www.bcv.org.ve/sites/default/files/EstadisticasGeneral/2_1_2b25_smc.xls
2025-06-04,2025-06-05,04062025,EUR,Zona Euro,111.61762569,111.89736911,2025-06-04 16:27:00,2_1_2b25_smc.xls,https://www.bcv.org.ve/sites/default/files/EstadisticasGeneral/2_1_2b25_smc.xls
2025-06-04,2025-06-05,04062025,USD,E.U.A.,97.65834225,97.9031,2025-06-04 16:27:00,2_1_2b25_smc.xls,https://www.bcv.org.ve/sites/default/files/EstadisticasGeneral/2_1_2b25_smc.xls
2025-06-05,2025-06-06,05062025,EUR,Zona Euro,112.65221097,112.93454734,2025-06-05 16:02:00,2_1_2b25_smc.xls,https://www.bcv.org.ve/sites/default/files/EstadisticasGeneral/2_1_2b25_smc.xls
2025-06-05,2025-06-06,05062025,USD,E.U.A.,98.266917,98.5132,2025-06-05 16:02:00,2_1_2b25_smc.xls,https://www.bcv.org.ve/sites/default/files/EstadisticasGeneral/2_1_2b25_smc.xls
2025-06-06,2025-06-09,06062025,EUR,Zona Euro,112.58613438,112.86830514,2025-06-06 16:22:00,2_1_2b25_smc.xls,https://www.bcv.org.ve/sites/default/files/EstadisticasGeneral/2_1_2b25_smc.xls
2025-06-06,2025-06-09,06062025,USD,E.U.A.,98.843871,99.0916,2025-06-06 16:22:00,2_1_2b25_smc.xls,https://www.bcv.org.ve/sites/default/files/EstadisticasGeneral/2_1_2b25_smc.xls
2025-06-09,2025-06-10,09062025,EUR,Zona Euro,112.85115886,113.13399385,2025-06-09 16:44:00,2_1_2b25_smc.xls,https://www.bcv.org.ve/sites/default/files/EstadisticasGeneral/2_1_2b25_smc.xls
2025-06-09,2025-06-10,09062025,USD,E.U.A.,98.87688825,99.1247,2025-06-09 16:44:00,2_1_2b25_smc.xls,https://www.bcv.org.ve/sites/default/files/EstadisticasGeneral/2_1_2b25_smc.xls
2025-06-10,2025-06-11,10062025,EUR,Zona Euro,113.6493847,113.93422025,2025-06-10 17:00:00,2_1_2b25_smc.xls,https://www.bcv.org.ve/sites/default/files/EstadisticasGeneral/2_1_2b25_smc.xls
2025-06-10,2025-06-11,10062025,USD,E.U.A.,99.44905425,99.6983,2025-06-10 17:00:00,2_1_2b25_smc.xls,https://www.bcv.org.ve/sites/default/files/EstadisticasGeneral/2_1_2b25_smc.xls
2025-06-11,2025-06-12,11062025,EUR,Zona Euro,114.91489768,115.20290494,2025-06-11 16:20:00,2_1_2b25_smc.xls,https://www.bcv.org.ve/sites/default/files/EstadisticasGeneral/2_1_2b25_smc.xls
2025-06-11,2025-06-12,11062025,USD,E.U.A.,100.088751,100.3396,2025-06-11 16:20:00,2_1_2b25_smc.xls,https://www.bcv.org.ve/sites/default/files/EstadisticasGeneral/2_1_2b25_smc.xls
2025-06-12,2025-06-13,12062025,EUR,Zona Euro,116.78979518,117.08250143,2025-06-12 16:06:00,2_1_2b25_smc.xls,https://www.bcv.org.ve/sites/default/files/EstadisticasGeneral/2_1_2b25_smc.xls
2025-06-12,2025-06-13,12062025,USD,E.U.A.,100.8294945,101.0822,2025-06-12 16:06:00,2_1_2b25_smc.xls,https://www.bcv.org.ve/sites/default/files/EstadisticasGeneral/2_1_2b25_smc.xls
2025-06-13,2025-06-17,13062025,EUR,Zona Euro,117.60974029,117.90450155,2025-06-13 15:08:00,2_1_2b25_smc.xls,https://www.bcv.org.ve/sites/default/files/EstadisticasGeneral/2_1_2b25_smc.xls
2025-06-13,2025-06-17,13062025,USD,E.U.A.,101.9016075,102.157,2025-06-13 15:08:00,2_1_2b25_smc.xls,https://www.bcv.org.ve/sites/default/files/EstadisticasGeneral/2_1_2b25_smc.xls
2025-06-17,2025-06-18,17062025,EUR,Zona Euro,118.24675253,118.54311031,2025-06-17 17:58:00,2_1_2b25_smc.xls,https://www.bcv.org.ve/sites/default/files/EstadisticasGeneral/2_1_2b25_smc.xls
2025-06-17,2025-06-18,17062025,USD,E.U.A.,102.55127925,102.8083,2025-06-17 17:58:00,2_1_2b25_smc.xls,https://www.bcv.org.ve/sites/default/files/EstadisticasGeneral/2_1_2b25_smc.xls
2025-06-18,2025-06-19,18062025,EUR,Zona Euro,119.14762587,119.44624147,2025-06-18 17:45:00,2_1_2b25_smc.xls,https://www.bcv.org.ve/sites/default/files/EstadisticasGeneral/2_1_2b25_smc.xls
2025-06-18,2025-06-19,18062025,USD,E.U.A.,103.47616125,103.7355,2025-06-18 17:45:00,2_1_2b25_smc.xls,https://www.bcv.org.ve/sites/default/files/EstadisticasGeneral/2_1_2b25_smc.xls
2025-06-19,2025-06-20,19062025,EUR,Zona Euro,119.70326979,120.00327799,2025-06-19 17:35:00,2_1_2b25_smc.xls,https://www.bcv.org.ve/sites/default/files/EstadisticasGeneral/2_1_2b25_smc.xls
2025-06-19,2025-06-20,19062025,USD,E.U.A.,104.2820415,104.5434,2025-06-19 17:35:00,2_1_2b25_smc.xls,https://www.bcv.org.ve/sites/default/files/EstadisticasGeneral/2_1_2b25_smc.xls
2025-06-20,2025-06-25,20062025,EUR,Zona Euro,121.19674065,121.50049188,2025-06-20 16:16:00,2_1_2b25_smc.xls,https://www.bcv.org.ve/sites/default/files/EstadisticasGeneral/2_1_2b25_smc.xls
2025-06-20,2025-06-25,20062025,USD,E.U.A.,105.18906825,105.4527,2025-06-20 16:16:00,2_1_2b25_smc.xls,https://www.bcv.org.ve/sites/default/files/EstadisticasGeneral/2_1_2b25_smc.xls
2025-06-25,2025-06-26,25062025,EUR,Zona Euro,123.12503741,123.43362147,2025-06-25 16:50:00,2_1_2b25_smc.xls,https://www.bcv.org.ve/sites/default/files/EstadisticasGeneral/2_1_2b25_smc.xls
2025-06-25,2025-06-26,25062025,USD,E.U.A.,105.90307875,106.1685,2025-06-25 16:50:00,2_1_2b25_smc.xls,https://www.bcv.org.ve/sites/default/files/EstadisticasGeneral/2_1_2b25_smc.xls
2025-06-26,2025-06-27,26062025,EUR,Zona Euro,124.81190401,125.1247158,2025-06-26 15:34:00,2_1_2b25_smc.xls,https://www.bcv.org.ve/sites/default/files/EstadisticasGeneral/2_1_2b25_smc.xls
2025-06-26,2025-06-27,26062025,USD,E.U.A.,106.594845,106.862,2025-06-26 15:34:00,2_1_2b25_smc.xls,https://www.bcv.org.ve/sites/default/files/EstadisticasGeneral/2_1_2b25_smc.xls
2025-06-27,2025-06-30,27062025,EUR,Zona Euro,125.87747259,126.19295498,2025-06-27 15:30:00,2_1_2b25_smc.xls,https://www.bcv.org.ve/sites/default/files/EstadisticasGeneral/2_1_2b25_smc.xls
2025-06-27,2025-06-30,27062025,USD,E.U.A.,107.35543875,107.6245,2025-06-27 15:30:00,2_1_2b25_smc.xls,https://www.bcv.org.ve/sites/default/files/EstadisticasGeneral/2_1_2b25_smc.xls
2025-06-30,2025-07-01,30062025,EUR,Zona Euro,126.82057481,127.13842086,2025-06-30 15:14:00,2_1_2b25_smc.xls,https://www.bcv.org.ve/sites/default/files/EstadisticasGeneral/2_1_2b25_smc.xls
2025-06-30,2025-07-01,30062025,USD,E.U.A.,107.91862725,108.1891,2025-06-30 15:14:00,2_1_2b25_smc.xls,https://www.bcv.org.ve/sites/default/files/EstadisticasGeneral/2_1_2b25_smc.xls
2025-07-01,2025-07-02,01072025,EUR,Zona Euro,127.98833356,128.30910633,2025-07-01 15:02:00,2_1_2c25_smc.xls,https://www.bcv.org.ve/sites/default/files/EstadisticasGeneral/2_1_2c25_smc.xls
2025-07-01,2025-07-02,01072025,USD,E.U.A.,108.70605375,108.9785,2025-07-01 15:02:00,2_1_2c25_smc.xls,https://www.bcv.org.ve/sites/default/files/EstadisticasGeneral/2_1_2c25_smc.xls
2025-07-02,2025-07-03,02072025,EUR,Zona Euro,128.87253963,129.19552845,2025-07-02 17:06:00,2_1_2c25_smc.xls,https://www.bcv.org.ve/sites/default/files/EstadisticasGeneral/2_1_2c25_smc.xls
2025-07-02,2025-07-03,02072025,USD,E.U.A.,109.497969,109.7724,2025-07-02 17:06:00,2_1_2c25_smc.xls,https://www.bcv.org.ve/sites/default/files/EstadisticasGeneral/2_1_2c25_smc.xls
2025-07-03,2025-07-04,03072025,EUR,Zona Euro,129.84868104,130.17411633,2025-07-03 16:48:00,2_1_2c25_smc.xls,https://www.bcv.org.ve/sites/default/files/EstadisticasGeneral/2_1_2c25_smc.xls
2025-07-03,2025-07-04,03072025,USD,E.U.A.,110.28050775,110.5569,2025-07-03 16:48:00,2_1_2c25_smc.xls,https://www.bcv.org.ve/sites/default/files/EstadisticasGeneral/2_1_2c25_smc.xls
2025-07-04,2025-07-07,04072025,EUR,Zona Euro,130.91075761,131.23885475,2025-07-04 16:26:00,2_1_2c25_smc.xls,https://www.bcv.org.ve/sites/default/files/EstadisticasGeneral/2_1_2c25_smc.xls
2025-07-04,2025-07-07,04072025,USD,E.U.A.,111.1400535,111.4186,2025-07-04 16:26:00,2_1_2c25_smc.xls,https://www.bcv.org.ve/sites/default/files/EstadisticasGeneral/2_1_2c25_smc.xls
2025-07-07,2025-07-08,07072025,EUR,Zona Euro,131.25749226,131.58645841,2025-07-07 16:13:00,2_1_2c25_smc.xls,https://www.bcv.org.ve/sites/default/files/EstadisticasGeneral/2_1_2c25_smc.xls
2025-07-07,2025-07-08,07072025,USD,E.U.A.,111.8474805,112.1278,2025-07-07 16:13:00,2_1_2c25_smc.xls,https://www.bcv.org.ve/sites/default/files/EstadisticasGeneral/2_1_2c25_smc.xls
2025-07-08,2025-07-09,08072025,EUR,Zona Euro,131.74459856,132.07478553,2025-07-08 15:57:00,2_1_2c25_smc.xls,https://www.bcv.org.ve/sites/default/files/EstadisticasGeneral/2_1_2c25_smc.xls
2025-07-08,2025-07-09,08072025,USD,E.U.A.,112.54642875,112.8285,2025-07-08 15:57:00,2_1_2c25_smc.xls,https://www.bcv.org.ve/sites/default/files/EstadisticasGeneral/2_1_2c25_smc.xls
2025-07-09,2025-07-10,09072025,EUR,Zona Euro,132.93237194,133.26553578,2025-07-09 16:03:00,2_1_2c25_smc.xls,https://www.bcv.org.ve/sites/default/files/EstadisticasGeneral/2_1_2c25_smc.xls
2025-07-09,2025-07-10,09072025,USD,E.U.A.,113.46612375,113.7505,2025-07-09 16:03:00,2_1_2c25_smc.xls,https://www.bcv.org.ve/sites/default/files/EstadisticasGeneral/2_1_2c25_smc.xls
2025-07-10,2025-07-11,10072025,EUR,Zona Euro,133.3065392,133.6406408,2025-07-10 15:18:00,2_1_2c25_smc.xls,https://www.bcv.org.ve/sites/default/files/EstadisticasGeneral/2_1_2c25_smc.xls
2025-07-10,2025-07-11,10072025,USD,E.U.A.,114.12547125,114.4115,2025-07-10 15:18:00,2_1_2c25_smc.xls,https://www.bcv.org.ve/sites/default/files/EstadisticasGeneral/2_1_2c25_smc.xls
2025-07-11,2025-07-14,11072025,EUR,Zona Euro,134.52038276,134.85752658,2025-07-11 14:43:00,2_1_2c25_smc.xls,https://www.bcv.org.ve/sites/default/files/EstadisticasGeneral/2_1_2c25_smc.xls
2025-07-11,2025-07-14,11072025,USD,E.U.A.,115.03958025,115.3279,2025-07-11 14:43:00,2_1_2c25_smc.xls,https://www.bcv.org.ve/sites/default/files/EstadisticasGeneral/2_1_2c25_smc.xls
2025-07-14,2025-07-15,14072025,EUR,Zona Euro,135.00751526,135.34587996,2025-07-14 15:46:00,2_1_2c25_smc.xls,https://www.bcv.org.ve/sites/default/files/EstadisticasGeneral/2_1_2c25_smc.xls
2025-07-14,2025-07-15,14072025,USD,E.U.A.,115.5549885,115.8446,2025-07-14 15:46:00,2_1_2c25_smc.xls,https://www.bcv.org.ve/sites/default/files/EstadisticasGeneral/2_1_2c25_smc.xls
2025-07-15,2025-07-16,15072025,EUR,Zona Euro,135.33218794,135.67136635,2025-07-15 16:42:00,2_1_2c25_smc.xls,https://www.bcv.org.ve/sites/default/files/EstadisticasGeneral/2_1_2c25_smc.xls
2025-07-15,2025-07-16,15072025,USD,E.U.A.,116.52705225,116.8191,2025-07-15 16:42:00,2_1_2c25_smc.xls,https://www.bcv.org.ve/sites/default/files/EstadisticasGeneral/2_1_2c25_smc.xls
2025-07-16,2025-07-17,16072025,EUR,Zona Euro,135.81959913,136.15999913,2025-07-16 16:01:00,2_1_2c25_smc.xls,https://www.bcv.org.ve/sites/default/files/EstadisticasGeneral/2_1_2c25_smc.xls
2025-07-16,2025-07-17,16072025,USD,E.U.A.,117.110091,117.4036,2025-07-16 16:01:00,2_1_2c25_smc.xls,https://www.bcv.org.ve/sites/default/files/EstadisticasGeneral/2_1_2c25_smc.xls
2025-07-17,2025-07-18,17072025,EUR,Zona Euro,136.72286093,137.06552475,2025-07-17 15:35:00,2_1_2c25_smc.xls,https://www.bcv.org.ve/sites/default/files/EstadisticasGeneral/2_1_2c25_smc.xls
2025-07-17,2025-07-18,17072025,USD,E.U.A.,117.9916815,118.2874,2025-07-17 15:35:00,2_1_2c25_smc.xls,https://www.bcv.org.ve/sites/default/files/EstadisticasGeneral/2_1_2c25_smc.xls
2025-07-18,2025-07-21,18072025,EUR,Zona Euro,138.49804671,138.84515961,2025-07-18 15:42:00,2_1_2c25_smc.xls,https://www.bcv.org.ve/sites/default/files/EstadisticasGeneral/2_1_2c25_smc.xls
2025-07-18,2025-07-21,18072025,USD,E.U.A.,118.8467385,119.1446,2025-07-18 15:42:00,2_1_2c25_smc.xls,https://www.bcv.org.ve/sites/default/files/EstadisticasGeneral/2_1_2c25_smc.xls
2025-07-21,2025-07-22,21072025,EUR,Zona Euro,139.72030755,140.07048376,2025-07-21 15:13:00,2_1_2c25_smc.xls,https://www.bcv.org.ve/sites/default/files/EstadisticasGeneral/2_1_2c25_smc.xls
2025-07-21,2025-07-22,21072025,USD,E.U.A.,119.3670345,119.6662,2025-07-21 15:13:00,2_1_2c25_smc.xls,https://www.bcv.org.ve/sites/default/files/EstadisticasGeneral/2_1_2c25_smc.xls
2025-07-22,2025-07-23,22072025,EUR,Zona Euro,140.96895794,141.3222636,2025-07-22 15:32:00,2_1_2c25_smc.xls,https://www.bcv.org.ve/sites/default/files/EstadisticasGeneral/2_1_2c25_smc.xls
2025-07-22,2025-07-23,22072025,USD,E.U.A.,120.12284025,120.4239,2025-07-22 15:32:00,2_1_2c25_smc.xls,https://www.bcv.org.ve/sites/default/files/EstadisticasGeneral/2_1_2c25_smc.xls
2025-07-23,2025-07-25,23072025,EUR,Zona Euro,141.99132652,142.34719451,2025-07-23 17:12:00,2_1_2c25_smc.xls,https://www.bcv.org.ve/sites/default/files/EstadisticasGeneral/2_1_2c25_smc.xls
2025-07-23,2025-07-25,23072025,USD,E.U.A.,121.04353275,121.3469,2025-07-23 17:12:00,2_1_2c25_smc.xls,https://www.bcv.org.ve/sites/default/files/EstadisticasGeneral/2_1_2c25_smc.xls
2025-07-25,2025-07-28,25072025,EUR,Zona Euro,143.04463813,143.403146,2025-07-25 15:13:00,2_1_2c25_smc.xls,https://www.bcv.org.ve/sites/default/files/EstadisticasGeneral/2_1_2c25_smc.xls
2025-07-25,2025-07-28,25072025,USD,E.U.A.,121.864575,122.17,2025-07-25 15:13:00,2_1_2c25_smc.xls,https://www.bcv.org.ve/sites/default/files/EstadisticasGeneral/2_1_2c25_smc.xls
2025-07-28,2025-07-29,28072025,EUR,Zona Euro,142.4846347,142.84173905,2025-07-28 17:36:00,2_1_2c25_smc.xls,https://www.bcv.org.ve/sites/default/files/EstadisticasGeneral/2_1_2c25_smc.xls
2025-07-28,2025-07-29,28072025,USD,E.U.A.,122.533698,122.8408,2025-07-28 17:36:00,2_1_2c25_smc.xls,https://www.bcv.org.ve/sites/default/files/EstadisticasGeneral/2_1_2c25_smc.xls
2025-07-29,2025-07-30,29072025,EUR,Zona Euro,142.3781602,142.7349977,2025-07-29 16:41:00,2_1_2c25_smc.xls,https://www.bcv.org.ve/sites/default/files/EstadisticasGeneral/2_1_2c25_smc.xls
2025-07-29,2025-07-30,29072025,USD,E.U.A.,123.5621205,123.8718,2025-07-29 16:41:00,2_1_2c25_smc.xls,https://www.bcv.org.ve/sites/default/files/EstadisticasGeneral/2_1_2c25_smc.xls
2025-07-30,2025-07-31,30072025,EUR,Zona Euro,142.59651118,142.95389592,2025-07-30 15:48:00,2_1_2c25_smc.xls,https://www.bcv.org.ve/sites/default/files/EstadisticasGeneral/2_1_2c25_smc.xls
2025-07-30,2025-07-31,30072025,USD,E.U.A.,124.1989245,124.5102,2025-07-30 15:48:00,2_1_2c25_smc.xls,https://www.bcv.org.ve/sites/default/files/EstadisticasGeneral/2_1_2c25_smc.xls
2025-07-31,2025-08-01,31072025,EUR,Zona Euro,143.14215549,143.50090776,2025-07-31 16:36:00,2_1_2c25_smc.xls,https://www.bcv.org.ve/sites/default/files/EstadisticasGeneral/2_1_2c25_smc.xls
2025-07-31,2025-08-01,31072025,USD,E.U.A.,125.11113825,125.4247,2025-07-31 16:36:00,2_1_2c25_smc.xls,https://www.bcv.org.ve/sites/default/files/EstadisticasGeneral/2_1_2c25_smc.xls
2025-08-01,2025-08-04,01082025,EUR,Zona Euro,145.52174769,145.88646385,2025-08-01 17:24:00,2_1_2c25_smc.xls,https://www.bcv.org.ve/sites/default/files/EstadisticasGeneral/2_1_2c25_smc.xls
2025-08-01,2025-08-04,01082025,USD,E.U.A.,125.9644995,126.2802,2025-08-01 17:24:00,2_1_2c25_smc.xls,https://www.bcv.org.ve/sites/default/files/EstadisticasGeneral/2_1_2c25_smc.xls
2025-08-04,2025-08-05,04082025,EUR,Zona Euro,146.80603122,147.17396614,2025-08-04 16:42:00,2_1_2c25_smc.xls,https://www.bcv.org.ve/sites/default/files/EstadisticasGeneral/2_1_2c25_smc.xls
2025-08-04,2025-08-05,04082025,USD,E.U.A.,126.79192575,127.1097,2025-08-04 16:42:00,2_1_2c25_smc.xls,https://www.bcv.org.ve/sites/default/files/EstadisticasGeneral/2_1_2c25_smc.xls
2025-08-05,2025-08-06,05082025,EUR,Zona Euro,147.8336505,148.2041609,2025-08-05 16:20:00,2_1_2c25_smc.xls,https://www.bcv.org.ve/sites/default/files/EstadisticasGeneral/2_1_2c25_smc.xls
2025-08-05,2025-08-06,05082025,USD,E.U.A.,127.92029775,128.2409,2025-08-05 16:20:00,2_1_2c25_smc.xls,https://www.bcv.org.ve/sites/default/files/EstadisticasGeneral/2_1_2c25_smc.xls
2025-08-06,2025-08-07,06082025,EUR,Zona Euro,149.8710491,150.24666577,2025-08-06 17:41:00,2_1_2c25_smc.xls,https://www.bcv.org.ve/sites/default/files/EstadisticasGeneral/2_1_2c25_smc.xls
2025-08-06,2025-08-07,06082025,USD,E.U.A.,128.73086625,129.0535,2025-08-06 17:41:00,2_1_2c25_smc.xls,https://www.bcv.org.ve/sites/default/files/EstadisticasGeneral/2_1_2c25_smc.xls
2025-08-07,2025-08-08,07082025,EUR,Zona Euro,150.75403079,151.13186044,2025-08-07 17:47:00,2_1_2c25_smc.xls,https://www.bcv.org.ve/sites/default/files/EstadisticasGeneral/2_1_2c25_smc.xls
2025-08-07,2025-08-08,07082025,USD,E.U.A.,129.740037,130.0652,2025-08-07 17:47:00,2_1_2c25_smc.xls,https://www.bcv.org.ve/sites/default/files/EstadisticasGeneral/2_1_2c25_smc.xls
2025-08-08,2025-08-11,08082025,EUR,Zona Euro,152.46007922,152.84218468,2025-08-08 16:39:00,2_1_2c25_smc.xls,https://www.bcv.org.ve/sites/default/files/EstadisticasGeneral/2_1_2c25_smc.xls
2025-08-08,2025-08-11,08082025,USD,E.U.A.,130.79628975,131.1241,2025-08-08 16:39:00,2_1_2c25_smc.xls,https://www.bcv.org.ve/sites/default/files/EstadisticasGeneral/2_1_2c25_smc.xls
2025-08-11,2025-08-12,11082025,EUR,Zona Euro,152.97516239,153.35855879,2025-08-11 17:39:00,2_1_2c25_smc.xls,https://www.bcv.org.ve/sites/default/files/EstadisticasGeneral/2_1_2c25_smc.xls
2025-08-11,2025-08-12,11082025,USD,E.U.A.,131.9718435,132.3026,2025-08-11 17:39:00,2_1_2c25_smc.xls,https://www.bcv.org.ve/sites/default/files/EstadisticasGeneral/2_1_2c25_smc.xls
2025-08-12,2025-08-13,12082025,EUR,Zona Euro,155.37024981,155.75964894,2025-08-12 15:46:00,2_1_2c25_smc.xls,https://www.bcv.org.ve/sites/default/files/EstadisticasGeneral/2_1_2c25_smc.xls
2025-08-12,2025-08-13,12082025,USD,E.U.A.,133.18211025,133.5159,2025-08-12 15:46:00,2_1_2c25_smc.xls,https://www.bcv.org.ve/sites/default/files/EstadisticasGeneral/2_1_2c25_smc.xls
2025-08-13,2025-08-14,13082025,EUR,Zona Euro,157.13744948,157.53127768,2025-08-13 16:36:00,2_1_2c25_smc.xls,https://www.bcv.org.ve/sites/default/files/EstadisticasGeneral/2_1_2c25_smc.xls
2025-08-13,2025-08-14,13082025,USD,E.U.A.,134.144997,134.4812,2025-08-13 16:36:00,2_1_2c25_smc.xls,https://www.bcv.org.ve/sites/default/files/EstadisticasGeneral/2_1_2c25_smc.xls
2025-08-14,2025-08-15,14082025,EUR,Zona Euro,157.66061049,158.05574987,2025-08-14 15:26:00,2_1_2c25_smc.xls,https://www.bcv.org.ve/sites/default/files/EstadisticasGeneral/2_1_2c25_smc.xls
2025-08-14,2025-08-15,14082025,USD,E.U.A.,135.30080025,135.6399,2025-08-14 15:26:00,2_1_2c25_smc.xls,https://www.bcv.org.ve/sites/default/files/EstadisticasGeneral/2_1_2c25_smc.xls
2025-08-15,2025-08-19,15082025,EUR,Zona Euro,159.88194842,160.28265506,2025-08-15 16:24:00,2_1_2c25_smc.xls,https://www.bcv.org.ve/sites/default/files/EstadisticasGeneral/2_1_2c25_smc.xls
2025-08-15,2025-08-19,15082025,USD,E.U.A.,136.55086725,136.8931,2025-08-15 16:24:00,2_1_2c25_smc.xls,https://www.bcv.org.ve/sites/default/files/EstadisticasGeneral/2_1_2c25_smc.xls
2025-08-19,2025-08-20,19082025,EUR,Zona Euro,160.81891555,161.22197047,2025-08-19 17:10:00,2_1_2c25_smc.xls,https://www.bcv.org.ve/sites/default/files/EstadisticasGeneral/2_1_2c25_smc.xls
2025-08-19,2025-08-20,19082025,USD,E.U.A.,137.78297925,138.1283,2025-08-19 17:10:00,2_1_2c25_smc.xls,https://www.bcv.org.ve/sites/default/files/EstadisticasGeneral/2_1_2c25_smc.xls
2025-08-20,2025-08-21,20082025,EUR,Zona Euro,162.12617621,162.53250748,2025-08-20 17:13:00,2_1_2c25_smc.xls,https://www.bcv.org.ve/sites/default/files/EstadisticasGeneral/2_1_2c25_smc.xls
2025-08-20,2025-08-21,20082025,USD,E.U.A.,139.053096,139.4016,2025-08-20 17:13:00,2_1_2c25_smc.xls,https://www.bcv.org.ve/sites/default/files/EstadisticasGeneral/2_1_2c25_smc.xls
2025-08-21,2025-08-22,21082025,EUR,Zona Euro,162.94289302,163.3512712,2025-08-21 17:37:00,2_1_2c25_smc.xls,https://www.bcv.org.ve/sites/default/files/EstadisticasGeneral/2_1_2c25_smc.xls
2025-08-21,2025-08-22,21082025,USD,E.U.A.,140.30835,140.66,2025-08-21 17:37:00,2_1_2c25_smc.xls,https://www.bcv.org.ve/sites/default/files/EstadisticasGeneral/2_1_2c25_smc.xls
2025-08-22,2025-08-25,22082025,EUR,Zona Euro,165.86277152,166.27846769,2025-08-22 16:56:00,2_1_2c25_smc.xls,https://www.bcv.org.ve/sites/default/files/EstadisticasGeneral/2_1_2c25_smc.xls
2025-08-22,2025-08-25,22082025,USD,E.U.A.,141.52958925,141.8843,2025-08-22 16:56:00,2_1_2c25_smc.xls,https://www.bcv.org.ve/sites/default/files/EstadisticasGeneral/2_1_2c25_smc.xls
2025-08-25,2025-08-26,25082025,EUR,Zona Euro,166.9204957,167.3388428,2025-08-25 17:22:00,2_1_2c25_smc.xls,https://www.bcv.org.ve/sites/default/files/EstadisticasGeneral/2_1_2c25_smc.xls
2025-08-25,2025-08-26,25082025,USD,E.U.A.,142.68050475,143.0381,2025-08-25 17:22:00,2_1_2c25_smc.xls,https://www.bcv.org.ve/sites/default/files/EstadisticasGeneral/2_1_2c25_smc.xls
2025-08-26,2025-08-27,26082025,EUR,Zona Euro,167.91974344,168.34059493,2025-08-26 16:23:00,2_1_2c25_smc.xls,https://www.bcv.org.ve/sites/default/files/EstadisticasGeneral/2_1_2c25_smc.xls
2025-08-26,2025-08-27,26082025,USD,E.U.A.,144.012267,144.3732,2025-08-26 16:23:00,2_1_2c25_smc.xls,https://www.bcv.org.ve/sites/default/files/EstadisticasGeneral/2_1_2c25_smc.xls
2025-08-27,2025-08-28,27082025,EUR,Zona Euro,168.70730805,169.13013338,2025-08-27 16:59:00,2_1_2c25_smc.xls,https://www.bcv.org.ve/sites/default/files/EstadisticasGeneral/2_1_2c25_smc.xls
2025-08-27,2025-08-28,27082025,USD,E.U.A.,145.38093675,145.7453,2025-08-27 16:59:00,2_1_2c25_smc.xls,https://www.bcv.org.ve/sites/default/files/EstadisticasGeneral/2_1_2c25_smc.xls
2025-08-28,2025-08-29,28082025,EUR,Zona Euro,171.12079969,171.54967387,2025-08-28 15:41:00,2_1_2c25_smc.xls,https://www.bcv.org.ve/sites/default/files/EstadisticasGeneral/2_1_2c25_smc.xls
2025-08-28,2025-08-29,28082025,USD,E.U.A.,146.71479375,147.0825,2025-08-28 15:41:00,2_1_2c25_smc.xls,https://www.bcv.org.ve/sites/default/files/EstadisticasGeneral/2_1_2c25_smc.xls
2025-08-29,2025-09-01,29082025,EUR,Zona Euro,173.22751255,173.66166672,2025-08-29 15:24:00,2_1_2c25_smc.xls,https://www.bcv.org.ve/sites/default/files/EstadisticasGeneral/2_1_2c25_smc.xls
2025-08-29,2025-09-01,29082025,USD,E.U.A.,148.07289,148.444,2025-08-29 15:24:00,2_1_2c25_smc.xls,https://www.bcv.org.ve/sites/default/files/EstadisticasGeneral/2_1_2c25_smc.xls
2025-09-01,2025-09-02,01092025,EUR,Zona Euro,174.49368982,174.93101737,2025-09-01 16:31:00,2_1_2c25_smc.xls,https://www.bcv.org.ve/sites/default/files/EstadisticasGeneral/2_1_2c25_smc.xls
2025-09-01,2025-09-02,01092025,USD,E.U.A.,149.09403075,149.4677,2025-09-01 16:31:00,2_1_2c25_smc.xls,https://www.bcv.org.ve/sites/default/files/EstadisticasGeneral/2_1_2c25_smc.xls
2025-09-02,2025-09-03,02092025,EUR,Zona Euro,175.4372732,175.87696561,2025-09-02 16:30:00,2_1_2c25_smc.xls,https://www.bcv.org.ve/sites/default/files/EstadisticasGeneral/2_1_2c25_smc.xls
2025-09-02,2025-09-03,02092025,USD,E.U.A.,150.418212,150.7952,2025-09-02 16:30:00,2_1_2c25_smc.xls,https://www.bcv.org.ve/sites/default/files/EstadisticasGeneral/2_1_2c25_smc.xls
2025-09-03,2025-09-04,03092025,EUR,Zona Euro,176.57498707,177.0175309,2025-09-03 15:26:00,2_1_2c25_smc.xls,https://www.bcv.org.ve/sites/default/files/EstadisticasGeneral/2_1_2c25_smc.xls
2025-09-03,2025-09-04,03092025,USD,E.U.A.,151.38329325,151.7627,2025-09-03 15:26:00,2_1_2c25_smc.xls,https://www.bcv.org.ve/sites/default/files/EstadisticasGeneral/2_1_2c25_smc.xls
2025-09-04,2025-09-05,04092025,EUR,Zona Euro,177.39694847,177.84155235,2025-09-04 19:05:00,2_1_2c25_smc.xls,https://www.bcv.org.ve/sites/default/files/EstadisticasGeneral/2_1_2c25_smc.xls
2025-09-04,2025-09-05,04092025,USD,E.U.A.,152.439546,152.8216,2025-09-04 19:05:00,2_1_2c25_smc.xls,https://www.bcv.org.ve/sites/default/files/EstadisticasGeneral/2_1_2c25_smc.xls
2025-09-05,2025-09-08,05092025,EUR,Zona Euro,180.43039787,180.88260438,2025-09-05 16:43:00,2_1_2c25_smc.xls,https://www.bcv.org.ve/sites/default/files/EstadisticasGeneral/2_1_2c25_smc.xls
2025-09-05,2025-09-08,05092025,USD,E.U.A.,153.625773,154.0108,2025-09-05 16:43:00,2_1_2c25_smc.xls,https://www.bcv.org.ve/sites/default/files/EstadisticasGeneral/2_1_2c25_smc.xls
2025-09-08,2025-09-09,08092025,EUR,Zona Euro,181.63835475,182.09358872,2025-09-08 17:29:00,2_1_2c25_smc.xls,https://www.bcv.org.ve/sites/default/files/EstadisticasGeneral/2_1_2c25_smc.xls
2025-09-08,2025-09-09,08092025,USD,E.U.A.,154.59504375,154.9825,2025-09-08 17:29:00,2_1_2c25_smc.xls,https://www.bcv.org.ve/sites/default/files/EstadisticasGeneral/2_1_2c25_smc.xls
2025-09-09,2025-09-10,09092025,EUR,Zona Euro,182.88066777,183.33901531,2025-09-09 15:56:00,2_1_2c25_smc.xls,https://www.bcv.org.ve/sites/default/files/EstadisticasGeneral/2_1_2c25_smc.xls
2025-09-09,2025-09-10,09092025,USD,E.U.A.,155.98296525,156.3739,2025-09-09 15:56:00,2_1_2c25_smc.xls,https://www.bcv.org.ve/sites/default/files/EstadisticasGeneral/2_1_2c25_smc.xls
2025-09-10,2025-09-11,10092025,EUR,Zona Euro,184.41319809,184.87538655,2025-09-10 17:45:00,2_1_2c25_smc.xls,https://www.bcv.org.ve/sites/default/files/EstadisticasGeneral/2_1_2c25_smc.xls
2025-09-10,2025-09-11,10092025,USD,E.U.A.,157.33437825,157.7287,2025-09-10 17:45:00,2_1_2c25_smc.xls,https://www.bcv.org.ve/sites/default/files/EstadisticasGeneral/2_1_2c25_smc.xls
2025-09-11,2025-09-12,11092025,EUR,Zona Euro,186.11765759,186.58411788,2025-09-11 16:14:00,2_1_2c25_smc.xls,https://www.bcv.org.ve/sites/default/files/EstadisticasGeneral/2_1_2c25_smc.xls
2025-09-11,2025-09-12,11092025,USD,E.U.A.,158.53157775,158.9289,2025-09-11 16:14:00,2_1_2c25_smc.xls,https://www.bcv.org.ve/sites/default/files/EstadisticasGeneral/2_1_2c25_smc.xls
2025-09-12,2025-09-16,12092025,EUR,Zona Euro,187.55882177,188.02889401,2025-09-12 17:11:00,2_1_2c25_smc.xls,https://www.bcv.org.ve/sites/default/files/EstadisticasGeneral/2_1_2c25_smc.xls
2025-09-12,2025-09-16,12092025,USD,E.U.A.,160.04678025,160.4479,2025-09-12 17:11:00,2_1_2c25_smc.xls,https://www.bcv.org.ve/sites/default/files/EstadisticasGeneral/2_1_2c25_smc.xls
2025-09-16,2025-09-17,16092025,EUR,Zona Euro,191.30439731,191.78385696,2025-09-16 18:21:00,2_1_2c25_smc.xls,https://www.bcv.org.ve/sites/default/files/EstadisticasGeneral/2_1_2c25_smc.xls
2025-09-16,2025-09-17,16092025,USD,E.U.A.,161.48328,161.888,2025-09-16 18:21:00,2_1_2c25_smc.xls,https://www.bcv.org.ve/sites/default/files/EstadisticasGeneral/2_1_2c25_smc.xls
2025-09-17,2025-09-18,17092025,EUR,Zona Euro,193.42267213,193.90744073,2025-09-17 18:32:00,2_1_2c25_smc.xls,https://www.bcv.org.ve/sites/default/files/EstadisticasGeneral/2_1_2c25_smc.xls
2025-09-17,2025-09-18,17092025,USD,E.U.A.,163.2382815,163.6474,2025-09-17 18:32:00,2_1_2c25_smc.xls,https://www.bcv.org.ve/sites/default/files/EstadisticasGeneral/2_1_2c25_smc.xls
2025-09-18,2025-09-19,18092025,EUR,Zona Euro,194.25706731,194.74392713,2025-09-18 16:36:00,2_1_2c25_smc.xls,https://www.bcv.org.ve/sites/default/files/EstadisticasGeneral/2_1_2c25_smc.xls
2025-09-18,2025-09-19,18092025,USD,E.U.A.,164.99657475,165.4101,2025-09-18 16:36:00,2_1_2c25_smc.xls,https://www.bcv.org.ve/sites/default/files/EstadisticasGeneral/2_1_2c25_smc.xls
2025-09-19,2025-09-22,19092025,EUR,Zona Euro,195.18633616,195.67552497,2025-09-19 17:18:00,2_1_2c25_smc.xls,https://www.bcv.org.ve/sites/default/files/EstadisticasGeneral/2_1_2c25_smc.xls
2025-09-19,2025-09-22,19092025,USD,E.U.A.,166.1669415,166.5834,2025-09-19 17:18:00,2_1_2c25_smc.xls,https://www.bcv.org.ve/sites/default/files/EstadisticasGeneral/2_1_2c25_smc.xls
2025-09-22,2025-09-23,22092025,EUR,Zona Euro,197.71963602,198.21517395,2025-09-22 17:47:00,2_1_2c25_smc.xls,https://www.bcv.org.ve/sites/default/files/EstadisticasGeneral/2_1_2c25_smc.xls
2025-09-22,2025-09-23,22092025,USD,E.U.A.,167.99466075,168.4157,2025-09-22 17:47:00,2_1_2c25_smc.xls,https://www.bcv.org.ve/sites/default/files/EstadisticasGeneral/2_1_2c25_smc.xls
2025-09-23,2025-09-24,23092025,EUR,Zona Euro,199.97202883,200.47321186,2025-09-23 15:43:00,2_1_2c25_smc.xls,https://www.bcv.org.ve/sites/default/files/EstadisticasGeneral/2_1_2c25_smc.xls
2025-09-23,2025-09-24,23092025,USD,E.U.A.,169.55115975,169.9761,2025-09-23 15:43:00,2_1_2c25_smc.xls,https://www.bcv.org.ve/sites/default/files/EstadisticasGeneral/2_1_2c25_smc.xls
2025-09-24,2025-09-25,24092025,EUR,Zona Euro,201.23060264,201.73493999,2025-09-24 18:19:00,2_1_2c25_smc.xls,https://www.bcv.org.ve/sites/default/files/EstadisticasGeneral/2_1_2c25_smc.xls
2025-09-24,2025-09-25,24092025,USD,E.U.A.,171.4161855,171.8458,2025-09-24 18:19:00,2_1_2c25_smc.xls,https://www.bcv.org.ve/sites/default/files/EstadisticasGeneral/2_1_2c25_smc.xls
2025-09-25,2025-09-26,25092025,EUR,Zona Euro,202.26914889,202.77608911,2025-09-25 19:19:00,2_1_2c25_smc.xls,https://www.bcv.org.ve/sites/default/files/EstadisticasGeneral/2_1_2c25_smc.xls
2025-09-25,2025-09-26,25092025,USD,E.U.A.,173.30175975,173.7361,2025-09-25 19:19:00,2_1_2c25_smc.xls,https://www.bcv.org.ve/sites/default/files/EstadisticasGeneral/2_1_2c25_smc.xls
2025-09-26,2025-09-29,26092025,EUR,Zona Euro,204.8741978,205.38766697,2025-09-26 17:28:00,2_1_2c25_smc.xls,https://www.bcv.org.ve/sites/default/files/EstadisticasGeneral/2_1_2c25_smc.xls
2025-09-26,2025-09-29,26092025,USD,E.U.A.,175.20798225,175.6471,2025-09-26 17:28:00,2_1_2c25_smc.xls,https://www.bcv.org.ve/sites/default/files/EstadisticasGeneral/2_1_2c25_smc.xls
2025-09-29,2025-09-30,29092025,EUR,Zona Euro,207.76402548,208.28473732,2025-09-29 15:49:00,2_1_2c25_smc.xls,https://www.bcv.org.ve/sites/default/files/EstadisticasGeneral/2_1_2c25_smc.xls
2025-09-29,2025-09-30,29092025,USD,E.U.A.,177.17026425,177.6143,2025-09-29 15:49:00,2_1_2c25_smc.xls,https://www.bcv.org.ve/sites/default/files/EstadisticasGeneral/2_1_2c25_smc.xls
2025-09-30,2025-10-01,30092025,EUR,Zona Euro,209.98731349,210.51359748,2025-09-30 17:42:00,2_1_2c25_smc.xls,https://www.bcv.org.ve/sites/default/files/EstadisticasGeneral/2_1_2c25_smc.xls
2025-09-30,2025-10-01,30092025,USD,E.U.A.,178.982223,179.4308,2025-09-30 17:42:00,2_1_2c25_smc.xls,https://www.bcv.org.ve/sites/default/files/EstadisticasGeneral/2_1_2c25_smc.xls
2025-10-01,2025-10-02,01102025,EUR,Zona Euro,212.41065116,212.94300868,2025-10-01 18:50:00,2_1_2d25_smc.xls,https://www.bcv.org.ve/sites/default/files/EstadisticasGeneral/2_1_2d25_smc.xls
2025-10-01,2025-10-02,01102025,USD,E.U.A.,180.85044075,181.3037,2025-10-01 18:50:00,2_1_2d25_smc.xls,https://www.bcv.org.ve/sites/default/files/EstadisticasGeneral/2_1_2d25_smc.xls
2025-10-02,2025-10-03,02102025,EUR,Zona Euro,213.98659466,214.52290192,2025-10-02 16:39:00,2_1_2d25_smc.xls,https://www.bcv.org.ve/sites/default/files/EstadisticasGeneral/2_1_2d25_smc.xls
2025-10-02,2025-10-03,02102025,USD,E.U.A.,182.67905775,183.1369,2025-10-02 16:39:00,2_1_2d25_smc.xls,https://www.bcv.org.ve/sites/default/files/EstadisticasGeneral/2_1_2d25_smc.xls
2025-10-03,2025-10-06,03102025,EUR,Zona Euro,217.10421344,217.64833428,2025-10-03 15:50:00,2_1_2d25_smc.xls,https://www.bcv.org.ve/sites/default/files/EstadisticasGeneral/2_1_2d25_smc.xls
2025-10-03,2025-10-06,03102025,USD,E.U.A.,184.93480425,185.3983,2025-10-03 15:50:00,2_1_2d25_smc.xls,https://www.bcv.org.ve/sites/default/files/EstadisticasGeneral/2_1_2d25_smc.xls
2025-10-06,2025-10-07,06102025,EUR,Zona Euro,218.85341856,219.40192337,2025-10-06 17:19:00,2_1_2d25_smc.xls,https://www.bcv.org.ve/sites/default/files/EstadisticasGeneral/2_1_2d25_smc.xls
2025-10-06,2025-10-07,06102025,USD,E.U.A.,186.82107675,187.2893,2025-10-06 17:19:00,2_1_2d25_smc.xls,https://www.bcv.org.ve/sites/default/files/EstadisticasGeneral/2_1_2d25_smc.xls
2025-10-07,2025-10-08,07102025,EUR,Zona Euro,220.38340641,220.93574577,2025-10-07 17:18:00,2_1_2d25_smc.xls,https://www.bcv.org.ve/sites/default/files/EstadisticasGeneral/2_1_2d25_smc.xls
2025-10-07,2025-10-08,07102025,USD,E.U.A.,188.7862515,189.2594,2025-10-07 17:18:00,2_1_2d25_smc.xls,https://www.bcv.org.ve/sites/default/files/EstadisticasGeneral/2_1_2d25_smc.xls
2025-10-08,2025-10-09,08102025,EUR,Zona Euro,221.72177246,222.27746613,2025-10-08 16:37:00,2_1_2d25_smc.xls,https://www.bcv.org.ve/sites/default/files/EstadisticasGeneral/2_1_2d25_smc.xls
2025-10-08,2025-10-09,08102025,USD,E.U.A.,190.88768475,191.3661,2025-10-08 16:37:00,2_1_2d25_smc.xls,https://www.bcv.org.ve/sites/default/files/EstadisticasGeneral/2_1_2d25_smc.xls
2025-10-09,2025-10-10,09102025,EUR,Zona Euro,223.07887728,223.63797222,2025-10-09 16:42:00,2_1_2d25_smc.xls,https://www.bcv.org.ve/sites/default/files/EstadisticasGeneral/2_1_2d25_smc.xls
2025-10-09,2025-10-10,09102025,USD,E.U.A.,192.816351,193.2996,2025-10-09 16:42:00,2_1_2d25_smc.xls,https://www.bcv.org.ve/sites/default/files/EstadisticasGeneral/2_1_2d25_smc.xls
2025-10-10,2025-10-13,10102025,EUR,Zona Euro,225.47088814,226.03597808,2025-10-10 15:49:00,2_1_2d25_smc.xls,https://www.bcv.org.ve/sites/default/files/EstadisticasGeneral/2_1_2d25_smc.xls
2025-10-10,2025-10-13,10102025,USD,E.U.A.,194.76097725,195.2491,2025-10-10 15:49:00,2_1_2d25_smc.xls,https://www.bcv.org.ve/sites/default/files/EstadisticasGeneral/2_1_2d25_smc.xls
2025-10-13,2025-10-14,13102025,EUR,Zona Euro,227.52063976,228.09086692,2025-10-13 16:22:00,2_1_2d25_smc.xls,https://www.bcv.org.ve/sites/default/files/EstadisticasGeneral/2_1_2d25_smc.xls
2025-10-13,2025-10-14,13102025,USD,E.U.A.,196.752486,197.2456,2025-10-13 16:22:00,2_1_2d25_smc.xls,https://www.bcv.org.ve/sites/default/files/EstadisticasGeneral/2_1_2d25_smc.xls
2025-10-14,2025-10-15,14102025,EUR,Zona Euro,229.87651487,230.45264649,2025-10-14 15:09:00,2_1_2d25_smc.xls,https://www.bcv.org.ve/sites/default/files/EstadisticasGeneral/2_1_2d25_smc.xls
2025-10-14,2025-10-15,14102025,USD,E.U.A.,198.609432,199.1072,2025-10-14 15:09:00,2_1_2d25_smc.xls,https://www.bcv.org.ve/sites/default/files/EstadisticasGeneral/2_1_2d25_smc.xls
2025-10-15,2025-10-16,15102025,EUR,Zona Euro,233.61527497,234.20077692,2025-10-15 16:11:00,2_1_2d25_smc.xls,https://www.bcv.org.ve/sites/default/files/EstadisticasGeneral/2_1_2d25_smc.xls
2025-10-15,2025-10-16,15102025,USD,E.U.A.,200.96283375,201.4665,2025-10-15 16:11:00,2_1_2d25_smc.xls,https://www.bcv.org.ve/sites/default/files/EstadisticasGeneral/2_1_2d25_smc.xls
2025-10-16,2025-10-17,16102025,EUR,Zona Euro,237.32898585,237.92379534,2025-10-16 15:29:00,2_1_2d25_smc.xls,https://www.bcv.org.ve/sites/default/files/EstadisticasGeneral/2_1_2d25_smc.xls
2025-10-16,2025-10-17,16102025,USD,E.U.A.,203.232645,203.742,2025-10-16 15:29:00,2_1_2d25_smc.xls,https://www.bcv.org.ve/sites/default/files/EstadisticasGeneral/2_1_2d25_smc.xls
2025-10-17,2025-10-20,17102025,EUR,Zona Euro,239.32465643,239.9244676,2025-10-17 16:16:00,2_1_2d25_smc.xls,https://www.bcv.org.ve/sites/default/files/EstadisticasGeneral/2_1_2d25_smc.xls
2025-10-17,2025-10-20,17102025,USD,E.U.A.,205.1612115,205.6754,2025-10-17 16:16:00,2_1_2d25_smc.xls,https://www.bcv.org.ve/sites/default/files/EstadisticasGeneral/2_1_2d25_smc.xls
2025-10-20,2025-10-21,20102025,EUR,Zona Euro,241.60944997,242.21498744,2025-10-20 17:42:00,2_1_2d25_smc.xls,https://www.bcv.org.ve/sites/default/files/EstadisticasGeneral/2_1_2d25_smc.xls
2025-10-20,2025-10-21,20102025,USD,E.U.A.,207.3740655,207.8938,2025-10-20 17:42:00,2_1_2d25_smc.xls,https://www.bcv.org.ve/sites/default/files/EstadisticasGeneral/2_1_2d25_smc.xls
2025-10-21,2025-10-22,21102025,EUR,Zona Euro,243.4122713,244.02232712,2025-10-21 17:42:00,2_1_2d25_smc.xls,https://www.bcv.org.ve/sites/default/files/EstadisticasGeneral/2_1_2d25_smc.xls
2025-10-21,2025-10-22,21102025,USD,E.U.A.,209.75679375,210.2825,2025-10-21 17:42:00,2_1_2d25_smc.xls,https://www.bcv.org.ve/sites/default/files/EstadisticasGeneral/2_1_2d25_smc.xls
2025-10-22,2025-10-23,22102025,EUR,Zona Euro,246.06200508,246.67870184,2025-10-22 17:21:00,2_1_2d25_smc.xls,https://www.bcv.org.ve/sites/default/files/EstadisticasGeneral/2_1_2d25_smc.xls
2025-10-22,2025-10-23,22102025,USD,E.U.A.,211.95249075,212.4837,2025-10-22 17:21:00,2_1_2d25_smc.xls,https://www.bcv.org.ve/sites/default/files/EstadisticasGeneral/2_1_2d25_smc.xls
2025-10-23,2025-10-24,23102025,EUR,Zona Euro,248.39938337,249.02193822,2025-10-23 17:29:00,2_1_2d25_smc.xls,https://www.bcv.org.ve/sites/default/files/EstadisticasGeneral/2_1_2d25_smc.xls
2025-10-23,2025-10-24,23102025,USD,E.U.A.,213.8829525,214.419,2025-10-23 17:29:00,2_1_2d25_smc.xls,https://www.bcv.org.ve/sites/default/files/EstadisticasGeneral/2_1_2d25_smc.xls
2025-10-24,2025-10-27,24102025,EUR,Zona Euro,251.02594648,251.65508419,2025-10-24 17:27:00,2_1_2d25_smc.xls,https://www.bcv.org.ve/sites/default/files/EstadisticasGeneral/2_1_2d25_smc.xls
2025-10-24,2025-10-27,24102025,USD,E.U.A.,215.8304715,216.3714,2025-10-24 17:27:00,2_1_2d25_smc.xls,https://www.bcv.org.ve/sites/default/files/EstadisticasGeneral/2_1_2d25_smc.xls
2025-10-27,2025-10-28,27102025,EUR,Zona Euro,253.26930413,253.9040643,2025-10-27 16:24:00,2_1_2d25_smc.xls,https://www.bcv.org.ve/sites/default/files/EstadisticasGeneral/2_1_2d25_smc.xls
2025-10-27,2025-10-28,27102025,USD,E.U.A.,217.624575,218.17,2025-10-27 16:24:00,2_1_2d25_smc.xls,https://www.bcv.org.ve/sites/default/files/EstadisticasGeneral/2_1_2d25_smc.xls
2025-10-28,2025-10-29,28102025,EUR,Zona Euro,255.72083616,256.36174051,2025-10-28 17:18:00,2_1_2d25_smc.xls,https://www.bcv.org.ve/sites/default/files/EstadisticasGeneral/2_1_2d25_smc.xls
2025-10-28,2025-10-29,28102025,USD,E.U.A.,219.32401575,219.8737,2025-10-28 17:18:00,2_1_2d25_smc.xls,https://www.bcv.org.ve/sites/default/files/EstadisticasGeneral/2_1_2d25_smc.xls
2025-10-29,2025-10-30,29102025,EUR,Zona Euro,257.69675765,258.34261419,2025-10-29 17:46:00,2_1_2d25_smc.xls,https://www.bcv.org.ve/sites/default/files/EstadisticasGeneral/2_1_2d25_smc.xls
2025-10-29,2025-10-30,29102025,USD,E.U.A.,221.1894405,221.7438,2025-10-29 17:46:00,2_1_2d25_smc.xls,https://www.bcv.org.ve/sites/default/files/EstadisticasGeneral/2_1_2d25_smc.xls
2025-10-30,2025-10-31,30102025,EUR,Zona Euro,258.16272049,258.80974485,2025-10-30 17:38:00,2_1_2d25_smc.xls,https://www.bcv.org.ve/sites/default/files/EstadisticasGeneral/2_1_2d25_smc.xls
2025-10-30,2025-10-31,30102025,USD,E.U.A.,223.08678525,223.6459,2025-10-30 17:38:00,2_1_2d25_smc.xls,https://www.bcv.org.ve/sites/default/files/EstadisticasGeneral/2_1_2d25_smc.xls
2025-10-31,2025-11-03,31102025,EUR,Zona Euro,257.50242073,258.1477902,2025-10-31 17:30:00,2_1_2d25_smc.xls,https://www.bcv.org.ve/sites/default/files/EstadisticasGeneral/2_1_2d25_smc.xls
2025-10-31,2025-11-03,31102025,USD,E.U.A.,223.4022945,223.9622,2025-10-31 17:30:00,2_1_2d25_smc.xls,https://www.bcv.org.ve/sites/default/files/EstadisticasGeneral/2_1_2d25_smc.xls
2025-11-03,2025-11-04,03112025,EUR,Zona Euro,257.76803436,258.41406954,2025-11-03 17:00:00,2_1_2d25_smc.xls,https://www.bcv.org.ve/sites/default/files/EstadisticasGeneral/2_1_2d25_smc.xls
2025-11-03,2025-11-04,03112025,USD,E.U.A.,223.8152595,224.3762,2025-11-03 17:00:00,2_1_2d25_smc.xls,https://www.bcv.org.ve/sites/default/files/EstadisticasGeneral/2_1_2d25_smc.xls
2025-11-04,2025-11-05,04112025,EUR,Zona Euro,258.98490989,259.63399488,2025-11-04 16:12:00,2_1_2d25_smc.xls,https://www.bcv.org.ve/sites/default/files/EstadisticasGeneral/2_1_2d25_smc.xls
2025-11-04,2025-11-05,04112025,USD,E.U.A.,225.56517375,226.1305,2025-11-04 16:12:00,2_1_2d25_smc.xls,https://www.bcv.org.ve/sites/default/files/EstadisticasGeneral/2_1_2d25_smc.xls
2025-11-05,2025-11-06,05112025,EUR,Zona Euro,260.50936777,261.16227345,2025-11-05 17:24:00,2_1_2d25_smc.xls,https://www.bcv.org.ve/sites/default/files/EstadisticasGeneral/2_1_2d25_smc.xls
2025-11-05,2025-11-06,05112025,USD,E.U.A.,226.98780825,227.5567,2025-11-05 17:24:00,2_1_2d25_smc.xls,https://www.bcv.org.ve/sites/default/files/EstadisticasGeneral/2_1_2d25_smc.xls
2025-11-06,2025-11-07,06112025,EUR,Zona Euro,262.63480406,263.29303665,2025-11-06 17:14:00,2_1_2d25_smc.xls,https://www.bcv.org.ve/sites/default/files/EstadisticasGeneral/2_1_2d25_smc.xls
2025-11-06,2025-11-07,06112025,USD,E.U.A.,227.908401,228.4796,2025-11-06 17:14:00,2_1_2d25_smc.xls,https://www.bcv.org.ve/sites/default/files/EstadisticasGeneral/2_1_2d25_smc.xls
2025-11-07,2025-11-10,07112025,EUR,Zona Euro,266.97019891,267.63929715,2025-11-07 15:58:00,2_1_2d25_smc.xls,https://www.bcv.org.ve/sites/default/files/EstadisticasGeneral/2_1_2d25_smc.xls
2025-11-07,2025-11-10,07112025,USD,E.U.A.,230.4685845,231.0462,2025-11-07 15:58:00,2_1_2d25_smc.xls,https://www.bcv.org.ve/sites/default/files/EstadisticasGeneral/2_1_2d25_smc.xls
2025-11-10,2025-11-11,10112025,EUR,Zona Euro,266.60796587,267.27615626,2025-11-10 15:55:00,2_1_2d25_smc.xls,https://www.bcv.org.ve/sites/default/files/EstadisticasGeneral/2_1_2d25_smc.xls
2025-11-10,2025-11-11,10112025,USD,E.U.A.,230.5160655,231.0938,2025-11-10 15:55:00,2_1_2d25_smc.xls,https://www.bcv.org.ve/sites/default/files/EstadisticasGeneral/2_1_2d25_smc.xls
2025-11-11,2025-11-12,11112025,EUR,Zona Euro,269.58058232,270.25622288,2025-11-11 16:27:00,2_1_2d25_smc.xls,https://www.bcv.org.ve/sites/default/files/EstadisticasGeneral/2_1_2d25_smc.xls
2025-11-11,2025-11-12,11112025,USD,E.U.A.,232.4631855,233.0458,2025-11-11 16:27:00,2_1_2d25_smc.xls,https://www.bcv.org.ve/sites/default/files/EstadisticasGeneral/2_1_2d25_smc.xls
2025-11-12,2025-11-13,12112025,EUR,Zona Euro,269.65308627,270.32890854,2025-11-12 17:18:00,2_1_2d25_smc.xls,https://www.bcv.org.ve/sites/default/files/EstadisticasGeneral/2_1_2d25_smc.xls
2025-11-12,2025-11-13,12112025,USD,E.U.A.,232.973706,233.5576,2025-11-12 17:18:00,2_1_2d25_smc.xls,https://www.bcv.org.ve/sites/default/files/EstadisticasGeneral/2_1_2d25_smc.xls
2025-11-13,2025-11-14,13112025,EUR,Zona Euro,272.39769463,273.08039562,2025-11-13 15:53:00,2_1_2d25_smc.xls,https://www.bcv.org.ve/sites/default/files/EstadisticasGeneral/2_1_2d25_smc.xls
2025-11-13,2025-11-14,13112025,USD,E.U.A.,234.28432125,234.8715,2025-11-13 15:53:00,2_1_2d25_smc.xls,https://www.bcv.org.ve/sites/default/files/EstadisticasGeneral/2_1_2d25_smc.xls
2025-11-14,2025-11-17,14112025,EUR,Zona Euro,274.15519767,274.84230343,2025-11-14 15:15:00,2_1_2d25_smc.xls,https://www.bcv.org.ve/sites/default/files/EstadisticasGeneral/2_1_2d25_smc.xls
2025-11-14,2025-11-17,14112025,USD,E.U.A.,235.86894975,236.4601,2025-11-14 15:15:00,2_1_2d25_smc.xls,https://www.bcv.org.ve/sites/default/files/EstadisticasGeneral/2_1_2d25_smc.xls
2025-11-17,2025-11-18,17112025,EUR,Zona Euro,273.67065877,274.35655014,2025-11-17 16:23:00,2_1_2d25_smc.xls,https://www.bcv.org.ve/sites/default/files/EstadisticasGeneral/2_1_2d25_smc.xls
2025-11-17,2025-11-18,17112025,USD,E.U.A.,236.24680275,236.8389,2025-11-17 16:23:00,2_1_2d25_smc.xls,https://www.bcv.org.ve/sites/default/files/EstadisticasGeneral/2_1_2d25_smc.xls
2025-11-18,2025-11-19,18112025,EUR,Zona Euro,275.12481916,275.81435505,2025-11-18 17:23:00,2_1_2d25_smc.xls,https://www.bcv.org.ve/sites/default/files/EstadisticasGeneral/2_1_2d25_smc.xls
2025-11-18,2025-11-19,18112025,USD,E.U.A.,237.15612375,237.7505,2025-11-18 17:23:00,2_1_2d25_smc.xls,https://www.bcv.org.ve/sites/default/files/EstadisticasGeneral/2_1_2d25_smc.xls
2025-11-19,2025-11-20,19112025,EUR,Zona Euro,276.91986251,277.61389726,2025-11-19 15:30:00,2_1_2d25_smc.xls,https://www.bcv.org.ve/sites/default/files/EstadisticasGeneral/2_1_2d25_smc.xls
2025-11-19,2025-11-20,19112025,USD,E.U.A.,239.72009775,240.3209,2025-11-19 15:30:00,2_1_2d25_smc.xls,https://www.bcv.org.ve/sites/default/files/EstadisticasGeneral/2_1_2d25_smc.xls
2025-11-20,2025-11-21,20112025,EUR,Zona Euro,277.73223734,278.42830812,2025-11-20 17:03:00,2_1_2d25_smc.xls,https://www.bcv.org.ve/sites/default/files/EstadisticasGeneral/2_1_2d25_smc.xls
2025-11-20,2025-11-21,20112025,USD,E.U.A.,240.974055,241.578,2025-11-20 17:03:00,2_1_2d25_smc.xls,https://www.bcv.org.ve/sites/default/files/EstadisticasGeneral/2_1_2d25_smc.xls
2025-11-21,2025-11-25,21112025,EUR,Zona Euro,279.34858759,280.04870937,2025-11-21 17:05:00,2_1_2d25_smc.xls,https://www.bcv.org.ve/sites/default/files/EstadisticasGeneral/2_1_2d25_smc.xls
2025-11-21,2025-11-25,21112025,USD,E.U.A.,242.50272375,243.1105,2025-11-21 17:05:00,2_1_2d25_smc.xls,https://www.bcv.org.ve/sites/default/files/EstadisticasGeneral/2_1_2d25_smc.xls
2025-11-25,2025-11-26,25112025,EUR,Zona Euro,281.05562783,281.7600279,2025-11-25 17:18:00,2_1_2d25_smc.xls,https://www.bcv.org.ve/sites/default/files/EstadisticasGeneral/2_1_2d25_smc.xls
2025-11-25,2025-11-26,25112025,USD,E.U.A.,242.96376825,243.5727,2025-11-25 17:18:00,2_1_2d25_smc.xls,https://www.bcv.org.ve/sites/default/files/EstadisticasGeneral/2_1_2d25_smc.xls
2025-11-26,2025-11-27,26112025,EUR,Zona Euro,282.78969092,283.49843701,2025-11-26 16:12:00,2_1_2d25_smc.xls,https://www.bcv.org.ve/sites/default/files/EstadisticasGeneral/2_1_2d25_smc.xls
2025-11-26,2025-11-27,26112025,USD,E.U.A.,244.038774,244.6504,2025-11-26 16:12:00,2_1_2d25_smc.xls,https://www.bcv.org.ve/sites/default/files/EstadisticasGeneral/2_1_2d25_smc.xls
2025-11-27,2025-11-28,27112025,EUR,Zona Euro,284.16883821,284.88104081,2025-11-27 16:52:00,2_1_2d25_smc.xls,https://www.bcv.org.ve/sites/default/files/EstadisticasGeneral/2_1_2d25_smc.xls
2025-11-27,2025-11-28,27112025,USD,E.U.A.,245.05552575,245.6697,2025-11-27 16:52:00,2_1_2d25_smc.xls,https://www.bcv.org.ve/sites/default/files/EstadisticasGeneral/2_1_2d25_smc.xls
2025-11-28,2025-12-01,28112025,EUR,Zona Euro,285.68741487,286.40342343,2025-11-28 17:06:00,2_1_2d25_smc.xls,https://www.bcv.org.ve/sites/default/files/EstadisticasGeneral/2_1_2d25_smc.xls
2025-11-28,2025-12-01,28112025,USD,E.U.A.,246.68204925,247.3003,2025-11-28 17:06:00,2_1_2d25_smc.xls,https://www.bcv.org.ve/sites/default/files/EstadisticasGeneral/2_1_2d25_smc.xls
2025-12-01,2025-12-02,01122025,EUR,Zona Euro,287.10890081,287.82847199,2025-12-01 17:12:00,2_1_2d25_smc.xls,https://www.bcv.org.ve/sites/default/files/EstadisticasGeneral/2_1_2d25_smc.xls
2025-12-01,2025-12-02,01122025,USD,E.U.A.,246.78858225,247.4071,2025-12-01 17:12:00,2_1_2d25_smc.xls,https://www.bcv.org.ve/sites/default/files/EstadisticasGeneral/2_1_2d25_smc.xls
2025-12-02,2025-12-03,02122025,EUR,Zona Euro,288.43753451,289.1604356,2025-12-02 18:32:00,2_1_2d25_smc.xls,https://www.bcv.org.ve/sites/default/files/EstadisticasGeneral/2_1_2d25_smc.xls
2025-12-02,2025-12-03,02122025,USD,E.U.A.,248.57590275,249.1989,2025-12-02 18:32:00,2_1_2d25_smc.xls,https://www.bcv.org.ve/sites/default/files/EstadisticasGeneral/2_1_2d25_smc.xls
2025-12-03,2025-12-04,03122025,EUR,Zona Euro,293.14654749,293.88125062,2025-12-03 16:40:00,2_1_2d25_smc.xls,https://www.bcv.org.ve/sites/default/files/EstadisticasGeneral/2_1_2d25_smc.xls
2025-12-03,2025-12-04,03122025,USD,E.U.A.,251.25698325,251.8867,2025-12-03 16:40:00,2_1_2d25_smc.xls,https://www.bcv.org.ve/sites/default/files/EstadisticasGeneral/2_1_2d25_smc.xls
2025-12-04,2025-12-05,04122025,EUR,Zona Euro,296.63435748,297.37780199,2025-12-04 16:29:00,2_1_2d25_smc.xls,https://www.bcv.org.ve/sites/default/files/EstadisticasGeneral/2_1_2d25_smc.xls
2025-12-04,2025-12-05,04122025,USD,E.U.A.,254.23332375,254.8705,2025-12-04 16:29:00,2_1_2d25_smc.xls,https://www.bcv.org.ve/sites/default/files/EstadisticasGeneral/2_1_2d25_smc.xls
2025-12-05,2025-12-09,05122025,EUR,Zona Euro,299.75630087,300.50756979,2025-12-05 16:32:00,2_1_2d25_smc.xls,https://www.bcv.org.ve/sites/default/files/EstadisticasGeneral/2_1_2d25_smc.xls
2025-12-05,2025-12-09,05122025,USD,E.U.A.,257.28387825,257.9287,2025-12-05 16:32:00,2_1_2d25_smc.xls,https://www.bcv.org.ve/sites/default/files/EstadisticasGeneral/2_1_2d25_smc.xls
2025-12-09,2025-12-10,09122025,EUR,Zona Euro,304.08533645,304.84745508,2025-12-09 16:39:00,2_1_2d25_smc.xls,https://www.bcv.org.ve/sites/default/files/EstadisticasGeneral/2_1_2d25_smc.xls
2025-12-09,2025-12-10,09122025,USD,E.U.A.,261.448341,262.1036,2025-12-09 16:39:00,2_1_2d25_smc.xls,https://www.bcv.org.ve/sites/default/files/EstadisticasGeneral/2_1_2d25_smc.xls
2025-12-10,2025-12-11,10122025,EUR,Zona Euro,308.0459819,308.81802697,2025-12-10 16:51:00,2_1_2d25_smc.xls,https://www.bcv.org.ve/sites/default/files/EstadisticasGeneral/2_1_2d25_smc.xls
2025-12-10,2025-12-11,10122025,USD,E.U.A.,264.4035345,265.0662,2025-12-10 16:51:00,2_1_2d25_smc.xls,https://www.bcv.org.ve/sites/default/files/EstadisticasGeneral/2_1_2d25_smc.xls
2025-12-11,2025-12-12,11122025,EUR,Zona Euro,313.59526952,314.38122258,2025-12-11 16:16:00,2_1_2d25_smc.xls,https://www.bcv.org.ve/sites/default/files/EstadisticasGeneral/2_1_2d25_smc.xls
2025-12-11,2025-12-12,11122025,USD,E.U.A.,267.08052525,267.7499,2025-12-11 16:16:00,2_1_2d25_smc.xls,https://www.bcv.org.ve/sites/default/files/EstadisticasGeneral/2_1_2d25_smc.xls
2025-12-12,2025-12-15,12122025,EUR,Zona Euro,317.10376823,317.89851452,2025-12-12 17:09:00,2_1_2d25_smc.xls,https://www.bcv.org.ve/sites/default/files/EstadisticasGeneral/2_1_2d25_smc.xls
2025-12-12,2025-12-15,12122025,USD,E.U.A.,270.11232675,270.7893,2025-12-12 17:09:00,2_1_2d25_smc.xls,https://www.bcv.org.ve/sites/default/files/EstadisticasGeneral/2_1_2d25_smc.xls
2025-12-15,2025-12-16,15122025,EUR,Zona Euro,321.06936153,321.87404665,2025-12-15 17:03:00,2_1_2d25_smc.xls,https://www.bcv.org.ve/sites/default/files/EstadisticasGeneral/2_1_2d25_smc.xls
2025-12-15,2025-12-16,15122025,USD,E.U.A.,272.90213475,273.5861,2025-12-15 17:03:00,2_1_2d25_smc.xls,https://www.bcv.org.ve/sites/default/files/EstadisticasGeneral/2_1_2d25_smc.xls
2025-12-16,2025-12-17,16122025,EUR,Zona Euro,325.3406849,326.15607509,2025-12-16 15:08:00,2_1_2d25_smc.xls,https://www.bcv.org.ve/sites/default/files/EstadisticasGeneral/2_1_2d25_smc.xls
2025-12-16,2025-12-17,16122025,USD,E.U.A.,275.88545775,276.5769,2025-12-16 15:08:00,2_1_2d25_smc.xls,https://www.bcv.org.ve/sites/default/files/EstadisticasGeneral/2_1_2d25_smc.xls
2025-12-17,2025-12-18,17122025,EUR,Zona Euro,327.55085724,328.37178671,2025-12-17 16:40:00,2_1_2d25_smc.xls,https://www.bcv.org.ve/sites/default/files/EstadisticasGeneral/2_1_2d25_smc.xls
2025-12-17,2025-12-18,17122025,USD,E.U.A.,278.86399275,279.5629,2025-12-17 16:40:00,2_1_2d25_smc.xls,https://www.bcv.org.ve/sites/default/files/EstadisticasGeneral/2_1_2d25_smc.xls
2025-12-18,2025-12-19,18122025,EUR,Zona Euro,330.36178105,331.18975544,2025-12-18 17:06:00,2_1_2d25_smc.xls,https://www.bcv.org.ve/sites/default/files/EstadisticasGeneral/2_1_2d25_smc.xls
2025-12-18,2025-12-19,18122025,USD,E.U.A.,281.806518,282.5128,2025-12-18 17:06:00,2_1_2d25_smc.xls,https://www.bcv.org.ve/sites/default/files/EstadisticasGeneral/2_1_2d25_smc.xls
2025-12-19,2025-12-22,19122025,EUR,Zona Euro,333.56428332,334.40028403,2025-12-19 15:47:00,2_1_2d25_smc.xls,https://www.bcv.org.ve/sites/default/files/EstadisticasGeneral/2_1_2d25_smc.xls
2025-12-19,2025-12-22,19122025,USD,E.U.A.,284.688894,285.4024,2025-12-19 15:47:00,2_1_2d25_smc.xls,https://www.bcv.org.ve/sites/default/files/EstadisticasGeneral/2_1_2d25_smc.xls
2025-12-22,2025-12-23,22122025,EUR,Zona Euro,338.40298055,339.25110832,2025-12-22 16:30:00,2_1_2d25_smc.xls,https://www.bcv.org.ve/sites/default/files/EstadisticasGeneral/2_1_2d25_smc.xls
2025-12-22,2025-12-23,22122025,USD,E.U.A.,287.7282765,288.4494,2025-12-22 16:30:00,2_1_2d25_smc.xls,https://www.bcv.org.ve/sites/default/files/EstadisticasGeneral/2_1_2d25_smc.xls
2025-12-23,2025-12-26,23122025,EUR,Zona Euro,342.07900156,342.93634242,2025-12-23 16:53:00,2_1_2d25_smc.xls,https://www.bcv.org.ve/sites/default/files/EstadisticasGeneral/2_1_2d25_smc.xls
2025-12-23,2025-12-26,23122025,USD,E.U.A.,290.624019,291.3524,2025-12-23 16:53:00,2_1_2d25_smc.xls,https://www.bcv.org.ve/sites/default/files/EstadisticasGeneral/2_1_2d25_smc.xls
2025-12-26,2025-12-29,26122025,EUR,Zona Euro,346.90891529,347.77836119,2025-12-26 17:28:00,2_1_2d25_smc.xls,https://www.bcv.org.ve/sites/default/files/EstadisticasGeneral/2_1_2d25_smc.xls
2025-12-26,2025-12-29,26122025,USD,E.U.A.,294.23247525,294.9699,2025-12-26 17:28:00,2_1_2d25_smc.xls,https://www.bcv.org.ve/sites/default/files/EstadisticasGeneral/2_1_2d25_smc.xls
2025-12-29,2025-12-30,29122025,EUR,Zona Euro,350.36725412,351.24536754,2025-12-29 16:44:00,2_1_2d25_smc.xls,https://www.bcv.org.ve/sites/default/files/EstadisticasGeneral/2_1_2d25_smc.xls
2025-12-29,2025-12-30,29122025,USD,E.U.A.,297.39774225,298.1431,2025-12-29 16:44:00,2_1_2d25_smc.xls,https://www.bcv.org.ve/sites/default/files/EstadisticasGeneral/2_1_2d25_smc.xls
2025-12-30,2026-01-02,30122025,EUR,Zona Euro,353.60731467,354.49354854,2025-12-30 16:54:00,2_1_2d25_smc.xls,https://www.bcv.org.ve/sites/default/files/EstadisticasGeneral/2_1_2d25_smc.xls
2025-12-30,2026-01-02,30122025,USD,E.U.A.,300.61747275,301.3709,2025-12-30 16:54:00,2_1_2d25_smc.xls,https://www.bcv.org.ve/sites/default/files/EstadisticasGeneral/2_1_2d25_smc.xls
2026-01-02,2026-01-05,02012026,EUR,Zona Euro,356.99108405,357.88579854,2026-01-02 17:16:00,2_1_2a26_smc.xls,https://www.bcv.org.ve/sites/default/files/EstadisticasGeneral/2_1_2a26_smc.xls
2026-01-02,2026-01-05,02012026,USD,E.U.A.,303.917901,304.6796,2026-01-02 17:16:00,2_1_2a26_smc.xls,https://www.bcv.org.ve/sites/default/files/EstadisticasGeneral/2_1_2a26_smc.xls
2026-01-05,2026-01-06,05012026,EUR,Zona Euro,359.60264368,360.50390344,2026-01-05 17:47:00,2_1_2a26_smc.xls,https://www.bcv.org.ve/sites/default/files/EstadisticasGeneral/2_1_2a26_smc.xls
2026-01-05,2026-01-06,05012026,USD,E.U.A.,307.3842135,308.1546,2026-01-05 17:47:00,2_1_2a26_smc.xls,https://www.bcv.org.ve/sites/default/files/EstadisticasGeneral/2_1_2a26_smc.xls
2026-01-06,2026-01-07,06012026,EUR,Zona Euro,363.92676456,364.83886172,2026-01-06 17:13:00,2_1_2a26_smc.xls,https://www.bcv.org.ve/sites/default/files/EstadisticasGeneral/2_1_2a26_smc.xls
2026-01-06,2026-01-07,06012026,USD,E.U.A.,311.1016965,311.8814,2026-01-06 17:13:00,2_1_2a26_smc.xls,https://www.bcv.org.ve/sites/default/files/EstadisticasGeneral/2_1_2a26_smc.xls
2026-01-07,2026-01-08,07012026,EUR,Zona Euro,374.37095788,375.30923096,2026-01-07 17:25:00,2_1_2a26_smc.xls,https://www.bcv.org.ve/sites/default/files/EstadisticasGeneral/2_1_2a26_smc.xls
2026-01-07,2026-01-08,07012026,USD,E.U.A.,320.22971925,321.0323,2026-01-07 17:25:00,2_1_2a26_smc.xls,https://www.bcv.org.ve/sites/default/files/EstadisticasGeneral/2_1_2a26_smc.xls
2026-01-08,2026-01-09,08012026,EUR,Zona Euro,378.69247072,379.64157466,2026-01-08 16:48:00,2_1_2a26_smc.xls,https://www.bcv.org.ve/sites/default/files/EstadisticasGeneral/2_1_2a26_smc.xls
2026-01-08,2026-01-09,08012026,USD,E.U.A.,324.5759265,325.3894,2026-01-08 16:48:00,2_1_2a26_smc.xls,https://www.bcv.org.ve/sites/default/files/EstadisticasGeneral/2_1_2a26_smc.xls
2026-01-09,2026-01-13,09012026,EUR,Zona Euro,383.37113142,384.33196133,2026-01-09 16:51:00,2_1_2a26_smc.xls,https://www.bcv.org.ve/sites/default/files/EstadisticasGeneral/2_1_2a26_smc.xls
2026-01-09,2026-01-13,09012026,USD,E.U.A.,329.54916225,330.3751,2026-01-09 16:51:00,2_1_2a26_smc.xls,https://www.bcv.org.ve/sites/default/files/EstadisticasGeneral/2_1_2a26_smc.xls
2026-01-13,2026-01-14,13012026,EUR,Zona Euro,390.90487843,391.8845899,2026-01-13 17:12:00,2_1_2a26_smc.xls,https://www.bcv.org.ve/sites/default/files/EstadisticasGeneral/2_1_2a26_smc.xls
2026-01-13,2026-01-14,13012026,USD,E.U.A.,335.618451,336.4596,2026-01-13 17:12:00,2_1_2a26_smc.xls,https://www.bcv.org.ve/sites/default/files/EstadisticasGeneral/2_1_2a26_smc.xls
2026-01-14,2026-01-15,14012026,EUR,Zona Euro,394.28039634,395.26856776,2026-01-14 17:52:00,2_1_2a26_smc.xls,https://www.bcv.org.ve/sites/default/files/EstadisticasGeneral/2_1_2a26_smc.xls
2026-01-14,2026-01-15,14012026,USD,E.U.A.,338.30162625,339.1495,2026-01-14 17:52:00,2_1_2a26_smc.xls,https://www.bcv.org.ve/sites/default/files/EstadisticasGeneral/2_1_2a26_smc.xls
2026-01-15,2026-01-16,15012026,EUR,Zona Euro,395.48819773,396.47939622,2026-01-15 16:22:00,2_1_2a26_smc.xls,https://www.bcv.org.ve/sites/default/files/EstadisticasGeneral/2_1_2a26_smc.xls
2026-01-15,2026-01-16,15012026,USD,E.U.A.,340.88814375,341.7425,2026-01-15 16:22:00,2_1_2a26_smc.xls,https://www.bcv.org.ve/sites/default/files/EstadisticasGeneral/2_1_2a26_smc.xls
2026-01-16,2026-01-20,16012026,EUR,Zona Euro,399.49171644,400.49294882,2026-01-16 17:28:00,2_1_2a26_smc.xls,https://www.bcv.org.ve/sites/default/files/EstadisticasGeneral/2_1_2a26_smc.xls
2026-01-16,2026-01-20,16012026,USD,E.U.A.,343.64583225,344.5071,2026-01-16 17:28:00,2_1_2a26_smc.xls,https://www.bcv.org.ve/sites/default/files/EstadisticasGeneral/2_1_2a26_smc.xls
2026-01-20,2026-01-21,20012026,EUR,Zona Euro,406.15499768,407.17293001,2026-01-20 17:59:00,2_1_2a26_smc.xls,https://www.bcv.org.ve/sites/default/files/EstadisticasGeneral/2_1_2a26_smc.xls
2026-01-20,2026-01-21,20012026,USD,E.U.A.,346.39494225,347.2631,2026-01-20 17:59:00,2_1_2a26_smc.xls,https://www.bcv.org.ve/sites/default/files/EstadisticasGeneral/2_1_2a26_smc.xls
2026-01-21,2026-01-22,21012026,EUR,Zona Euro,408.62515203,409.64927522,2026-01-21 17:36:00,2_1_2a26_smc.xls,https://www.bcv.org.ve/sites/default/files/EstadisticasGeneral/2_1_2a26_smc.xls
2026-01-21,2026-01-22,21012026,USD,E.U.A.,349.052382,349.9272,2026-01-21 17:36:00,2_1_2a26_smc.xls,https://www.bcv.org.ve/sites/default/files/EstadisticasGeneral/2_1_2a26_smc.xls
2026-01-22,2026-01-23,22012026,EUR,Zona Euro,412.35594536,413.38941891,2026-01-22 15:41:00,2_1_2a26_smc.xls,https://www.bcv.org.ve/sites/default/files/EstadisticasGeneral/2_1_2a26_smc.xls
2026-01-22,2026-01-23,22012026,USD,E.U.A.,351.82453425,352.7063,2026-01-22 15:41:00,2_1_2a26_smc.xls,https://www.bcv.org.ve/sites/default/files/EstadisticasGeneral/2_1_2a26_smc.xls
2026-01-23,2026-01-26,23012026,EUR,Zona Euro,416.54213177,417.58609701,2026-01-23 17:10:00,2_1_2a26_smc.xls,https://www.bcv.org.ve/sites/default/files/EstadisticasGeneral/2_1_2a26_smc.xls
2026-01-23,2026-01-26,23012026,USD,E.U.A.,354.663918,355.5528,2026-01-23 17:10:00,2_1_2a26_smc.xls,https://www.bcv.org.ve/sites/default/files/EstadisticasGeneral/2_1_2a26_smc.xls
2026-01-26,2026-01-27,26012026,EUR,Zona Euro,425.1217208,426.18718878,2026-01-26 17:57:00,2_1_2a26_smc.xls,https://www.bcv.org.ve/sites/default/files/EstadisticasGeneral/2_1_2a26_smc.xls
2026-01-26,2026-01-27,26012026,USD,E.U.A.,358.02738825,358.9247,2026-01-26 17:57:00,2_1_2a26_smc.xls,https://www.bcv.org.ve/sites/default/files/EstadisticasGeneral/2_1_2a26_smc.xls
2026-01-27,2026-01-28,27012026,EUR,Zona Euro,431.63330518,432.71509291,2026-01-27 17:13:00,2_1_2a26_smc.xls,https://www.bcv.org.ve/sites/default/files/EstadisticasGeneral/2_1_2a26_smc.xls
2026-01-27,2026-01-28,27012026,USD,E.U.A.,360.5868735,361.4906,2026-01-27 17:13:00,2_1_2a26_smc.xls,https://www.bcv.org.ve/sites/default/files/EstadisticasGeneral/2_1_2a26_smc.xls
2026-01-28,2026-01-29,28012026,EUR,Zona Euro,433.34127858,434.42734695,2026-01-28 16:07:00,2_1_2a26_smc.xls,https://www.bcv.org.ve/sites/default/files/EstadisticasGeneral/2_1_2a26_smc.xls
2026-01-28,2026-01-29,28012026,USD,E.U.A.,362.75314425,363.6623,2026-01-28 16:07:00,2_1_2a26_smc.xls,https://www.bcv.org.ve/sites/default/files/EstadisticasGeneral/2_1_2a26_smc.xls
2026-01-29,2026-01-30,29012026,EUR,Zona Euro,438.36934354,439.46801357,2026-01-29 17:11:00,2_1_2a26_smc.xls,https://www.bcv.org.ve/sites/default/files/EstadisticasGeneral/2_1_2a26_smc.xls
2026-01-29,2026-01-30,29012026,USD,E.U.A.,366.38863275,367.3069,2026-01-29 17:11:00,2_1_2a26_smc.xls,https://www.bcv.org.ve/sites/default/files/EstadisticasGeneral/2_1_2a26_smc.xls
2026-01-30,2026-02-02,30012026,EUR,Zona Euro,439.37565738,440.4768495,2026-01-30 17:48:00,2_1_2a26_smc.xls,https://www.bcv.org.ve/sites/default/files/EstadisticasGeneral/2_1_2a26_smc.xls
2026-01-30,2026-02-02,30012026,USD,E.U.A.,369.328764,370.2544,2026-01-30 17:48:00,2_1_2a26_smc.xls,https://www.bcv.org.ve/sites/default/files/EstadisticasGeneral/2_1_2a26_smc.xls
2026-02-02,2026-02-03,02022026,EUR,Zona Euro,438.54006558,439.63916349,2026-02-02 17:28:00,2_1_2a26_smc.xls,https://www.bcv.org.ve/sites/default/files/EstadisticasGeneral/2_1_2a26_smc.xls
2026-02-02,2026-02-03,02022026,USD,E.U.A.,371.17543575,372.1057,2026-02-02 17:28:00,2_1_2a26_smc.xls,https://www.bcv.org.ve/sites/default/files/EstadisticasGeneral/2_1_2a26_smc.xls
2026-02-03,2026-02-04,03022026,EUR,Zona Euro,441.48337372,442.58984835,2026-02-03 18:09:00,2_1_2a26_smc.xls,https://www.bcv.org.ve/sites/default/files/EstadisticasGeneral/2_1_2a26_smc.xls
2026-02-03,2026-02-04,03022026,USD,E.U.A.,374.14479375,375.0825,2026-02-03 18:09:00,2_1_2a26_smc.xls,https://www.bcv.org.ve/sites/default/files/EstadisticasGeneral/2_1_2a26_smc.xls
2026-02-04,2026-02-05,04022026,EUR,Zona Euro,446.09844456,447.21648577,2026-02-04 17:40:00,2_1_2a26_smc.xls,https://www.bcv.org.ve/sites/default/files/EstadisticasGeneral/2_1_2a26_smc.xls
2026-02-04,2026-02-05,04022026,USD,E.U.A.,377.5120545,378.4582,2026-02-04 17:40:00,2_1_2a26_smc.xls,https://www.bcv.org.ve/sites/default/files/EstadisticasGeneral/2_1_2a26_smc.xls
2026-02-05,2026-02-06,05022026,EUR,Zona Euro,448.73452702,449.85917496,2026-02-05 19:05:00,2_1_2a26_smc.xls,https://www.bcv.org.ve/sites/default/files/EstadisticasGeneral/2_1_2a26_smc.xls
2026-02-05,2026-02-06,05022026,USD,E.U.A.,380.1546315,381.1074,2026-02-05 19:05:00,2_1_2a26_smc.xls,https://www.bcv.org.ve/sites/default/files/EstadisticasGeneral/2_1_2a26_smc.xls
2026-02-06,2026-02-09,06022026,EUR,Zona Euro,450.74698515,451.87667684,2026-02-06 17:58:00,2_1_2a26_smc.xls,https://www.bcv.org.ve/sites/default/files/EstadisticasGeneral/2_1_2a26_smc.xls
2026-02-06,2026-02-09,06022026,USD,E.U.A.,381.6752205,382.6318,2026-02-06 17:58:00,2_1_2a26_smc.xls,https://www.bcv.org.ve/sites/default/files/EstadisticasGeneral/2_1_2a26_smc.xls
2026-02-09,2026-02-10,09022026,EUR,Zona Euro,457.73102006,458.8782156,2026-02-09 16:20:00,2_1_2a26_smc.xls,https://www.bcv.org.ve/sites/default/files/EstadisticasGeneral/2_1_2a26_smc.xls
2026-02-09,2026-02-10,09022026,USD,E.U.A.,384.30882,385.272,2026-02-09 16:20:00,2_1_2a26_smc.xls,https://www.bcv.org.ve/sites/default/files/EstadisticasGeneral/2_1_2a26_smc.xls
2026-02-10,2026-02-11,10022026,EUR,Zona Euro,461.62563703,462.78259351,2026-02-10 18:03:00,2_1_2a26_smc.xls,https://www.bcv.org.ve/sites/default/files/EstadisticasGeneral/2_1_2a26_smc.xls
2026-02-10,2026-02-11,10022026,USD,E.U.A.,387.7675515,388.7394,2026-02-10 18:03:00,2_1_2a26_smc.xls,https://www.bcv.org.ve/sites/default/files/EstadisticasGeneral/2_1_2a26_smc.xls
2026-02-11,2026-02-12,11022026,EUR,Zona Euro,461.92659483,463.0843056,2026-02-11 19:07:00,2_1_2a26_smc.xls,https://www.bcv.org.ve/sites/default/files/EstadisticasGeneral/2_1_2a26_smc.xls
2026-02-11,2026-02-12,11022026,USD,E.U.A.,389.318664,390.2944,2026-02-11 19:07:00,2_1_2a26_smc.xls,https://www.bcv.org.ve/sites/default/files/EstadisticasGeneral/2_1_2a26_smc.xls
2026-02-12,2026-02-13,12022026,EUR,Zona Euro,466.16374476,467.33207495,2026-02-12 17:04:00,2_1_2a26_smc.xls,https://www.bcv.org.ve/sites/default/files/EstadisticasGeneral/2_1_2a26_smc.xls
2026-02-12,2026-02-13,12022026,USD,E.U.A.,392.238546,393.2216,2026-02-12 17:04:00,2_1_2a26_smc.xls,https://www.bcv.org.ve/sites/default/files/EstadisticasGeneral/2_1_2a26_smc.xls
2026-02-13,2026-02-18,13022026,EUR,Zona Euro,469.10628777,470.28199275,2026-02-13 16:36:00,2_1_2a26_smc.xls,https://www.bcv.org.ve/sites/default/files/EstadisticasGeneral/2_1_2a26_smc.xls
2026-02-13,2026-02-18,13022026,USD,E.U.A.,395.3764815,396.3674,2026-02-13 16:36:00,2_1_2a26_smc.xls,https://www.bcv.org.ve/sites/default/files/EstadisticasGeneral/2_1_2a26_smc.xls
2026-02-18,2026-02-19,18022026,EUR,Zona Euro,470.23844313,471.4169856,2026-02-18 17:13:00,2_1_2a26_smc.xls,https://www.bcv.org.ve/sites/default/files/EstadisticasGeneral/2_1_2a26_smc.xls
2026-02-18,2026-02-19,18022026,USD,E.U.A.,397.748736,398.7456,2026-02-18 17:13:00,2_1_2a26_smc.xls,https://www.bcv.org.ve/sites/default/files/EstadisticasGeneral/2_1_2a26_smc.xls
2026-02-19,2026-02-20,19022026,EUR,Zona Euro,471.64923775,472.83131604,2026-02-19 17:14:00,2_1_2a26_smc.xls,https://www.bcv.org.ve/sites/default/files/EstadisticasGeneral/2_1_2a26_smc.xls
2026-02-19,2026-02-20,19022026,USD,E.U.A.,401.32846425,402.3343,2026-02-19 17:14:00,2_1_2a26_smc.xls,https://www.bcv.org.ve/sites/default/files/EstadisticasGeneral/2_1_2a26_smc.xls
2026-02-20,2026-02-23,20022026,EUR,Zona Euro,475.51411266,476.70587735,2026-02-20 17:18:00,2_1_2a26_smc.xls,https://www.bcv.org.ve/sites/default/files/EstadisticasGeneral/2_1_2a26_smc.xls
2026-02-20,2026-02-23,20022026,USD,E.U.A.,404.3384205,405.3518,2026-02-20 17:18:00,2_1_2a26_smc.xls,https://www.bcv.org.ve/sites/default/files/EstadisticasGeneral/2_1_2a26_smc.xls
2026-02-23,2026-02-24,23022026,EUR,Zona Euro,479.60250756,480.80451886,2026-02-23 17:44:00,2_1_2a26_smc.xls,https://www.bcv.org.ve/sites/default/files/EstadisticasGeneral/2_1_2a26_smc.xls
2026-02-23,2026-02-24,23022026,USD,E.U.A.,406.3601535,407.3786,2026-02-23 17:44:00,2_1_2a26_smc.xls,https://www.bcv.org.ve/sites/default/files/EstadisticasGeneral/2_1_2a26_smc.xls
2026-02-24,2026-02-25,24022026,EUR,Zona Euro,482.70795908,483.91775346,2026-02-24 18:06:00,2_1_2a26_smc.xls,https://www.bcv.org.ve/sites/default/files/EstadisticasGeneral/2_1_2a26_smc.xls
2026-02-24,2026-02-25,24022026,USD,E.U.A.,410.05798575,411.0857,2026-02-24 18:06:00,2_1_2a26_smc.xls,https://www.bcv.org.ve/sites/default/files/EstadisticasGeneral/2_1_2a26_smc.xls
2026-02-25,2026-02-26,25022026,EUR,Zona Euro,487.3811665,488.60267318,2026-02-25 17:27:00,2_1_2a26_smc.xls,https://www.bcv.org.ve/sites/default/files/EstadisticasGeneral/2_1_2a26_smc.xls
2026-02-25,2026-02-26,25022026,USD,E.U.A.,413.01038625,414.0455,2026-02-25 17:27:00,2_1_2a26_smc.xls,https://www.bcv.org.ve/sites/default/files/EstadisticasGeneral/2_1_2a26_smc.xls
2026-02-26,2026-02-27,26022026,EUR,Zona Euro,491.87975109,493.11253242,2026-02-26 17:51:00,2_1_2a26_smc.xls,https://www.bcv.org.ve/sites/default/files/EstadisticasGeneral/2_1_2a26_smc.xls
2026-02-26,2026-02-27,26022026,USD,E.U.A.,416.31450525,417.3579,2026-02-26 17:51:00,2_1_2a26_smc.xls,https://www.bcv.org.ve/sites/default/files/EstadisticasGeneral/2_1_2a26_smc.xls
2026-02-27,2026-03-02,27022026,EUR,Zona Euro,494.36699833,495.60601336,2026-02-27 16:40:00,2_1_2a26_smc.xls,https://www.bcv.org.ve/sites/default/files/EstadisticasGeneral/2_1_2a26_smc.xls
2026-02-27,2026-03-02,27022026,USD,E.U.A.,418.93733175,419.9873,2026-02-27 16:40:00,2_1_2a26_smc.xls,https://www.bcv.org.ve/sites/default/files/EstadisticasGeneral/2_1_2a26_smc.xls
2026-03-02,2026-03-03,02032026,EUR,Zona Euro,492.30341803,493.53726119,2026-03-02 18:51:00,2_1_2a26_smc.xls,https://www.bcv.org.ve/sites/default/files/EstadisticasGeneral/2_1_2a26_smc.xls
2026-03-02,2026-03-03,02032026,USD,E.U.A.,420.822507,421.8772,2026-03-02 18:51:00,2_1_2a26_smc.xls,https://www.bcv.org.ve/sites/default/files/EstadisticasGeneral/2_1_2a26_smc.xls
2026-03-03,2026-03-04,03032026,EUR,Zona Euro,490.26309976,491.49182934,2026-03-03 17:37:00,2_1_2a26_smc.xls,https://www.bcv.org.ve/sites/default/files/EstadisticasGeneral/2_1_2a26_smc.xls
2026-03-03,2026-03-04,03032026,USD,E.U.A.,424.60991475,425.6741,2026-03-03 17:37:00,2_1_2a26_smc.xls,https://www.bcv.org.ve/sites/default/files/EstadisticasGeneral/2_1_2a26_smc.xls
2026-03-04,2026-03-05,04032026,EUR,Zona Euro,496.17823071,497.42178517,2026-03-04 19:08:00,2_1_2a26_smc.xls,https://www.bcv.org.ve/sites/default/files/EstadisticasGeneral/2_1_2a26_smc.xls
2026-03-04,2026-03-05,04032026,USD,E.U.A.,426.8603745,427.9302,2026-03-04 19:08:00,2_1_2a26_smc.xls,https://www.bcv.org.ve/sites/default/files/EstadisticasGeneral/2_1_2a26_smc.xls
2026-03-05,2026-03-06,05032026,EUR,Zona Euro,498.36633019,499.61536862,2026-03-05 18:11:00,2_1_2a26_smc.xls,https://www.bcv.org.ve/sites/default/files/EstadisticasGeneral/2_1_2a26_smc.xls
2026-03-05,2026-03-06,05032026,USD,E.U.A.,429.93377175,431.0113,2026-03-05 18:11:00,2_1_2a26_smc.xls,https://www.bcv.org.ve/sites/default/files/EstadisticasGeneral/2_1_2a26_smc.xls
